protectedDiv(a, add(a, add(b, c)))
protectedDiv(a, add(a, add(b, c)))
protectedDiv(a, add(a, add(b, c)))
protectedDiv(a, add(a, add(b, c)))
protectedDiv(a, add(a, add(b, c)))
protectedDiv(a, add(a, add(b, c)))
protectedDiv(a, add(a, add(b, c)))
protectedDiv(a, add(a, add(b, c)))
protectedDiv(a, add(a, add(b, c)))
protectedDiv(a, add(a, add(b, c)))
protectedDiv(a, add(a, add(b, c)))
protectedDiv(a, add(a, add(b, c)))
protectedDiv(a, add(a, add(b, c)))
protectedDiv(a, add(a, add(b, c)))
protectedDiv(a, add(a, add(b, c)))
protectedDiv(a, add(a, add(b, c)))
protectedDiv(a, add(a, add(b, c)))
protectedDiv(a, add(a, add(b, c)))
protectedDiv(a, add(a, add(b, c)))
protectedDiv(a, add(a, add(b, c)))
protectedDiv(a, add(a, add(b, c)))
protectedDiv(a, add(a, add(b, c)))
protectedDiv(a, add(a, add(b, c)))
protectedDiv(a, add(a, add(b, c)))
protectedDiv(a, add(a, add(b, c)))
protectedDiv(a, add(a, add(b, c)))
protectedDiv(a, add(a, add(b, c)))
protectedDiv(a, add(a, add(b, c)))
protectedDiv(a, add(a, add(b, c)))
protectedDiv(a, add(a, add(b, c)))
protectedDiv(a, add(a, add(b, c)))
protectedDiv(a, add(a, add(b, c)))
protectedDiv(a, add(a, add(b, c)))
protectedDiv(a, add(a, add(b, c)))
protectedDiv(a, add(a, add(b, c)))
protectedDiv(a, add(a, add(b, c)))
protectedDiv(a, add(a, add(b, c)))
protectedDiv(a, add(a, add(b, c)))
protectedDiv(a, add(a, add(b, c)))
protectedDiv(a, add(a, add(b, c)))
protectedDiv(a, add(a, add(b, c)))
protectedDiv(a, add(a, add(b, c)))
protectedDiv(a, add(a, add(b, c)))
protectedDiv(a, add(a, add(b, c)))
protectedDiv(a, add(a, add(b, c)))
protectedDiv(a, add(a, add(b, c)))
protectedDiv(a, add(a, add(b, c)))
protectedDiv(a, add(a, add(b, c)))
protectedDiv(a, add(a, add(b, c)))
protectedDiv(a, add(a, add(b, c)))
protectedDiv(a, add(a, add(b, c)))
protectedDiv(a, add(a, add(b, c)))
protectedDiv(a, add(a, add(b, c)))
protectedDiv(a, add(a, add(b, c)))
protectedDiv(a, add(a, add(b, c)))
protectedDiv(a, add(a, add(b, c)))
protectedDiv(a, add(a, add(b, c)))
protectedDiv(a, add(a, add(b, c)))
protectedDiv(a, add(a, add(b, c)))
protectedDiv(a, add(a, add(b, c)))
protectedDiv(a, add(a, add(b, c)))
protectedDiv(a, add(a, add(b, c)))
protectedDiv(a, add(a, add(b, c)))
protectedDiv(a, add(a, add(b, c)))
protectedDiv(a, add(a, add(b, c)))
protectedDiv(a, add(a, add(b, c)))
protectedDiv(a, add(a, add(b, c)))
protectedDiv(a, add(a, add(b, c)))
protectedDiv(a, add(a, add(b, c)))
protectedDiv(a, add(a, add(b, c)))
protectedDiv(a, add(a, add(b, c)))
protectedDiv(a, add(a, add(b, c)))
protectedDiv(a, add(a, add(b, c)))
protectedDiv(a, add(a, add(b, c)))
protectedDiv(a, add(a, add(b, c)))
protectedDiv(a, add(a, add(b, c)))
protectedDiv(a, add(a, add(b, c)))
protectedDiv(a, add(a, add(b, c)))
protectedDiv(a, add(a, add(b, c)))
protectedDiv(a, add(a, add(b, c)))
protectedDiv(a, add(a, add(b, c)))
protectedDiv(a, add(a, add(b, c)))
protectedDiv(a, add(a, add(b, c)))
protectedDiv(a, add(a, add(b, c)))
protectedDiv(a, add(a, add(b, c)))
protectedDiv(a, add(a, add(b, c)))
protectedDiv(a, add(a, add(b, c)))
protectedDiv(a, add(a, add(b, c)))
protectedDiv(a, add(a, add(b, c)))
protectedDiv(a, add(a, add(b, c)))
protectedDiv(a, add(a, add(b, c)))
protectedDiv(a, add(a, add(b, c)))
protectedDiv(a, add(a, add(b, c)))
protectedDiv(a, add(a, add(b, c)))
protectedDiv(a, add(a, add(b, c)))
protectedDiv(a, add(a, add(b, c)))
protectedDiv(a, add(a, add(b, c)))
protectedDiv(a, add(a, add(b, c)))
protectedDiv(a, add(a, add(b, c)))
protectedDiv(a, add(a, add(b, c)))
protectedDiv(a, add(a, add(b, c)))
