protectedDiv(a, add(a, add(b, c)))	protectedDiv(a, add(a, add(b, c)))	protectedDiv(a, add(a, add(b, c)))	protectedDiv(a, add(a, add(b, c)))	protectedDiv(a, add(a, add(b, c)))	protectedDiv(a, add(a, add(b, c)))	protectedDiv(a, add(a, add(b, c)))	protectedDiv(a, add(a, add(b, c)))	protectedDiv(a, add(a, add(b, c)))	protectedDiv(a, add(a, add(b, c)))	protectedDiv(a, add(a, add(b, c)))	protectedDiv(a, add(a, add(b, c)))	protectedDiv(a, add(a, add(b, c)))	protectedDiv(a, add(a, add(b, c)))	protectedDiv(a, add(a, add(b, c)))	protectedDiv(a, add(a, add(b, c)))	protectedDiv(a, add(a, add(b, c)))	protectedDiv(a, add(a, add(b, c)))	protectedDiv(a, add(a, add(b, c)))	protectedDiv(a, add(a, add(b, c)))
protectedDiv(a, add(a, add(b, c)))	protectedDiv(a, add(a, add(b, c)))	protectedDiv(protectedDiv(c, b), protectedDiv(c, b))	protectedDiv(a, add(a, add(b, c)))	protectedDiv(a, add(a, add(b, c)))	protectedDiv(a, add(a, add(b, c)))	protectedDiv(a, add(a, add(b, c)))	protectedDiv(a, add(a, add(b, c)))	protectedDiv(a, add(a, add(b, c)))	protectedDiv(a, add(a, add(b, c)))	protectedDiv(a, add(a, add(b, c)))	protectedDiv(b, c)	protectedDiv(a, add(a, add(b, c)))	protectedDiv(a, add(a, add(b, c)))	protectedDiv(a, add(a, add(b, c)))	protectedDiv(a, add(a, add(b, c)))	protectedDiv(a, protectedDiv(add(c, c), protectedDiv(a, c)))	protectedDiv(a, add(a, add(b, c)))	protectedDiv(a, add(a, add(b, c)))	protectedDiv(a, add(a, add(b, c)))
protectedDiv(a, add(a, add(b, c)))	protectedDiv(a, add(a, add(b, c)))	protectedDiv(a, add(a, add(b, c)))	protectedDiv(a, add(a, add(b, c)))	protectedDiv(a, add(a, add(b, c)))	protectedDiv(a, protectedDiv(add(c, c), protectedDiv(a, c)))	protectedDiv(a, add(a, add(b, c)))	protectedDiv(a, add(a, add(b, c)))	protectedDiv(b, c)	protectedDiv(protectedDiv(a, a), add(a, add(b, c)))	protectedDiv(a, add(a, add(b, c)))	protectedDiv(a, add(a, add(b, c)))	protectedDiv(a, add(a, add(b, c)))	protectedDiv(a, add(a, add(b, c)))	protectedDiv(a, add(a, add(b, c)))	protectedDiv(a, protectedDiv(add(c, c), protectedDiv(a, c)))	protectedDiv(a, add(a, add(b, c)))	protectedDiv(a, add(a, add(b, c)))	protectedDiv(a, add(a, add(b, c)))	protectedDiv(a, add(a, add(b, c)))
protectedDiv(a, add(a, add(b, c)))	protectedDiv(protectedDiv(a, a), add(a, add(b, c)))	protectedDiv(protectedDiv(a, a), add(a, add(b, c)))	protectedDiv(a, add(a, add(b, c)))	protectedDiv(a, add(a, add(b, c)))	protectedDiv(a, add(a, add(b, c)))	protectedDiv(a, add(a, add(b, c)))	protectedDiv(a, add(a, add(b, c)))	protectedDiv(a, protectedDiv(add(c, c), protectedDiv(a, c)))	protectedDiv(a, add(a, add(b, c)))	protectedDiv(a, add(a, add(b, c)))	protectedDiv(a, add(a, add(b, c)))	protectedDiv(a, add(a, add(b, c)))	protectedDiv(a, add(a, add(b, c)))	protectedDiv(a, protectedDiv(add(c, c), protectedDiv(a, c)))	protectedDiv(a, add(a, add(b, c)))	protectedDiv(a, add(a, add(b, c)))	protectedDiv(a, add(a, add(b, c)))	protectedDiv(a, add(a, add(b, c)))	protectedDiv(a, add(a, add(b, c)))
protectedDiv(a, add(a, add(b, c)))	protectedDiv(a, protectedDiv(add(c, c), protectedDiv(a, c)))	protectedDiv(a, add(a, add(b, c)))	protectedDiv(a, add(a, add(b, c)))	protectedDiv(a, add(a, protectedDiv(a, c)))	protectedDiv(a, add(a, add(b, c)))	protectedDiv(a, protectedDiv(add(c, c), protectedDiv(a, c)))	protectedDiv(a, protectedDiv(add(c, c), protectedDiv(a, c)))	protectedDiv(a, add(a, add(b, c)))	protectedDiv(a, add(a, add(b, c)))	protectedDiv(a, add(a, add(b, c)))	protectedDiv(a, add(a, add(b, c)))	protectedDiv(a, add(a, add(b, c)))	protectedDiv(a, add(a, add(b, c)))	protectedDiv(a, add(a, add(b, c)))	protectedDiv(a, add(a, add(b, c)))	protectedDiv(a, add(a, add(b, c)))	protectedDiv(a, add(a, add(b, c)))	protectedDiv(a, add(a, add(b, c)))	protectedDiv(a, add(a, add(b, c)))
protectedDiv(a, add(a, add(b, c)))	protectedDiv(a, add(a, add(b, c)))	protectedDiv(a, add(a, add(b, c)))	protectedDiv(a, add(a, add(b, c)))	protectedDiv(a, add(a, add(b, c)))	protectedDiv(a, add(a, add(b, c)))	protectedDiv(a, protectedDiv(add(c, c), protectedDiv(a, c)))	protectedDiv(a, protectedDiv(add(c, c), protectedDiv(a, c)))	protectedDiv(a, protectedDiv(add(c, c), protectedDiv(a, c)))	protectedDiv(a, add(a, add(b, c)))	protectedDiv(a, add(a, add(b, c)))	protectedDiv(a, add(a, add(b, c)))	protectedDiv(a, add(a, add(b, c)))	protectedDiv(a, add(a, add(b, c)))	protectedDiv(a, protectedDiv(add(c, c), protectedDiv(add(c, b), c)))	protectedDiv(a, add(a, add(b, c)))	protectedDiv(a, add(a, add(b, c)))	protectedDiv(a, add(a, add(b, c)))	protectedDiv(a, add(a, add(b, c)))	protectedDiv(a, add(a, add(b, c)))
a	protectedDiv(a, add(a, add(b, c)))	protectedDiv(b, add(a, add(b, c)))	protectedDiv(a, add(a, add(a, c)))	protectedDiv(a, add(a, add(b, c)))	protectedDiv(a, add(a, add(b, c)))	protectedDiv(a, add(a, add(b, c)))	protectedDiv(a, add(a, add(b, c)))	protectedDiv(a, add(a, add(b, c)))	protectedDiv(a, add(a, add(b, c)))	protectedDiv(a, add(a, add(b, c)))	protectedDiv(a, add(a, add(b, c)))	protectedDiv(a, add(a, add(b, c)))	protectedDiv(a, add(a, add(b, c)))	protectedDiv(a, add(a, add(b, c)))	protectedDiv(a, add(a, add(b, c)))	protectedDiv(a, add(a, add(b, c)))	protectedDiv(a, add(a, add(b, c)))	protectedDiv(a, protectedDiv(add(c, c), protectedDiv(a, c)))	protectedDiv(a, add(a, add(b, c)))
protectedDiv(a, add(a, add(b, c)))	protectedDiv(a, add(a, add(b, c)))	protectedDiv(a, add(a, add(b, c)))	protectedDiv(a, add(a, add(b, c)))	protectedDiv(a, add(a, add(a, c)))	protectedDiv(a, add(a, add(b, b)))	protectedDiv(a, add(a, add(b, c)))	protectedDiv(a, add(a, add(b, c)))	protectedDiv(a, add(a, add(a, c)))	protectedDiv(a, add(a, add(b, c)))	protectedDiv(a, add(a, add(b, c)))	protectedDiv(a, add(a, add(b, c)))	protectedDiv(a, b)	protectedDiv(a, add(a, add(add(a, add(b, c)), c)))	protectedDiv(a, add(a, add(b, c)))	protectedDiv(a, add(a, add(b, c)))	protectedDiv(a, add(a, add(a, c)))	protectedDiv(a, add(a, add(b, c)))	protectedDiv(a, add(add(a, add(b, c)), add(b, c)))	protectedDiv(a, a)
protectedDiv(a, add(a, add(b, c)))	protectedDiv(a, add(add(a, add(b, c)), add(b, c)))	protectedDiv(a, add(add(a, add(b, c)), add(b, c)))	protectedDiv(a, add(a, add(a, c)))	protectedDiv(a, add(a, a))	protectedDiv(a, add(add(b, c), add(a, c)))	protectedDiv(a, add(a, add(a, c)))	protectedDiv(a, add(a, add(b, c)))	protectedDiv(a, add(a, add(b, c)))	protectedDiv(a, add(a, add(b, c)))	protectedDiv(a, add(a, add(b, c)))	protectedDiv(a, add(a, add(b, c)))	protectedDiv(a, add(a, add(b, c)))	protectedDiv(a, add(a, add(b, c)))	protectedDiv(a, add(a, add(b, c)))	protectedDiv(a, add(a, add(b, c)))	protectedDiv(a, add(a, add(b, c)))	protectedDiv(a, add(a, add(a, c)))	protectedDiv(a, add(add(a, add(b, c)), add(b, c)))	protectedDiv(a, add(a, add(b, c)))
protectedDiv(a, add(a, add(b, c)))	protectedDiv(a, add(a, add(b, c)))	protectedDiv(a, add(a, add(a, c)))	protectedDiv(a, add(a, add(b, c)))	protectedDiv(a, add(a, c))	protectedDiv(a, add(a, add(a, add(b, c))))	protectedDiv(a, add(a, add(b, c)))	protectedDiv(a, add(a, add(b, c)))	protectedDiv(a, add(a, add(b, c)))	protectedDiv(a, add(a, add(a, c)))	protectedDiv(a, add(a, add(b, c)))	protectedDiv(a, add(a, add(b, c)))	protectedDiv(a, add(a, add(b, c)))	protectedDiv(a, add(a, add(b, c)))	protectedDiv(a, add(a, add(b, c)))	protectedDiv(a, add(a, add(b, c)))	protectedDiv(a, add(a, add(b, c)))	protectedDiv(a, add(a, add(b, c)))	protectedDiv(a, add(a, add(b, c)))	protectedDiv(a, add(a, add(b, add(protectedDiv(c, b), add(a, b)))))
protectedDiv(a, add(a, add(b, c)))	protectedDiv(a, add(a, add(b, c)))	protectedDiv(a, b)	protectedDiv(a, add(a, add(b, c)))	protectedDiv(a, add(a, add(b, c)))	protectedDiv(a, add(a, add(b, c)))	protectedDiv(a, add(a, add(b, c)))	protectedDiv(a, add(a, add(b, c)))	protectedDiv(a, add(a, add(b, c)))	protectedDiv(a, add(a, add(b, c)))	protectedDiv(a, add(a, add(b, c)))	protectedDiv(a, add(a, protectedDiv(protectedDiv(c, a), add(b, a))))	protectedDiv(a, add(a, add(b, c)))	protectedDiv(a, add(a, add(b, c)))	protectedDiv(a, add(a, add(b, c)))	protectedDiv(a, add(a, add(b, c)))	protectedDiv(a, add(a, add(b, c)))	protectedDiv(a, add(a, add(b, c)))	add(b, c)	protectedDiv(a, add(a, add(b, c)))
protectedDiv(a, add(a, add(b, c)))	protectedDiv(a, add(a, add(b, c)))	protectedDiv(a, add(a, protectedDiv(protectedDiv(c, a), add(b, a))))	protectedDiv(a, add(a, add(b, c)))	protectedDiv(a, add(a, add(b, c)))	b	protectedDiv(a, add(a, add(b, c)))	protectedDiv(a, add(a, add(b, c)))	protectedDiv(a, add(a, add(b, c)))	protectedDiv(a, add(a, add(b, c)))	protectedDiv(a, add(a, add(b, c)))	protectedDiv(a, add(a, add(b, c)))	protectedDiv(a, add(a, add(b, c)))	protectedDiv(a, add(a, add(b, c)))	protectedDiv(a, add(a, add(b, c)))	protectedDiv(a, add(a, add(b, c)))	protectedDiv(a, add(a, add(b, c)))	protectedDiv(a, add(a, add(b, c)))	protectedDiv(a, add(a, add(b, c)))	protectedDiv(a, add(a, add(b, c)))
protectedDiv(a, add(a, add(b, c)))	protectedDiv(a, add(a, add(b, c)))	protectedDiv(a, add(a, add(b, c)))	protectedDiv(a, add(a, add(b, c)))	protectedDiv(a, add(a, add(b, c)))	protectedDiv(a, add(a, protectedDiv(protectedDiv(c, a), add(b, a))))	protectedDiv(a, add(a, add(b, c)))	protectedDiv(a, add(a, add(b, c)))	protectedDiv(a, add(a, add(b, c)))	protectedDiv(a, add(a, protectedDiv(protectedDiv(c, a), add(b, a))))	protectedDiv(a, add(a, add(b, c)))	protectedDiv(a, add(a, add(b, c)))	protectedDiv(a, add(a, add(b, c)))	protectedDiv(a, add(a, add(b, c)))	protectedDiv(a, add(a, add(b, c)))	protectedDiv(a, add(a, add(b, c)))	protectedDiv(a, add(a, add(b, c)))	protectedDiv(a, add(a, add(b, c)))	protectedDiv(a, add(a, add(b, c)))	protectedDiv(a, add(a, add(b, c)))
protectedDiv(a, add(a, add(b, c)))	protectedDiv(a, add(a, add(b, c)))	protectedDiv(a, add(a, add(b, c)))	protectedDiv(a, add(a, add(b, c)))	protectedDiv(a, add(a, add(b, c)))	protectedDiv(a, add(a, add(b, c)))	protectedDiv(a, add(a, add(b, c)))	protectedDiv(a, add(a, protectedDiv(protectedDiv(c, a), add(b, a))))	protectedDiv(a, add(a, add(b, c)))	protectedDiv(a, add(a, add(b, c)))	protectedDiv(a, add(a, add(b, c)))	protectedDiv(a, add(a, add(b, c)))	protectedDiv(a, add(a, add(b, c)))	protectedDiv(a, add(a, add(b, c)))	protectedDiv(a, add(a, add(b, c)))	protectedDiv(a, add(a, add(b, c)))	protectedDiv(a, add(a, add(b, c)))	protectedDiv(a, add(a, add(b, c)))	protectedDiv(a, add(a, add(b, c)))	protectedDiv(a, add(a, add(b, c)))
protectedDiv(a, add(a, add(b, c)))	protectedDiv(a, add(a, add(b, c)))	protectedDiv(a, add(a, add(b, c)))	protectedDiv(a, add(a, add(b, c)))	protectedDiv(a, add(a, add(b, c)))	protectedDiv(a, add(a, protectedDiv(protectedDiv(c, a), add(b, a))))	protectedDiv(a, add(a, add(b, c)))	protectedDiv(a, add(a, add(b, c)))	protectedDiv(a, add(a, add(b, c)))	protectedDiv(a, add(a, add(b, c)))	protectedDiv(a, add(a, add(b, c)))	protectedDiv(a, add(a, protectedDiv(protectedDiv(c, a), add(b, a))))	protectedDiv(a, add(a, add(b, c)))	protectedDiv(a, add(a, add(b, c)))	protectedDiv(a, add(a, add(b, c)))	protectedDiv(a, add(a, add(b, c)))	protectedDiv(a, add(a, add(b, c)))	protectedDiv(a, add(a, add(b, c)))	protectedDiv(a, add(a, add(add(a, add(b, c)), c)))	protectedDiv(a, b)
protectedDiv(a, add(a, add(b, c)))	protectedDiv(a, add(a, add(b, c)))	protectedDiv(a, add(a, add(b, a)))	protectedDiv(a, add(c, add(b, c)))	protectedDiv(a, add(a, add(b, c)))	protectedDiv(a, add(a, add(b, c)))	protectedDiv(a, add(a, add(b, c)))	protectedDiv(a, add(a, add(b, c)))	protectedDiv(a, add(a, add(b, c)))	protectedDiv(a, add(a, add(b, c)))	protectedDiv(a, add(a, add(b, c)))	protectedDiv(a, add(a, add(b, c)))	protectedDiv(a, add(a, add(b, c)))	protectedDiv(a, add(a, add(b, c)))	protectedDiv(add(add(b, c), add(b, c)), add(c, add(b, c)))	protectedDiv(a, add(a, add(b, a)))	protectedDiv(a, add(a, add(b, c)))	protectedDiv(a, add(a, add(b, c)))	protectedDiv(a, add(a, add(b, c)))	protectedDiv(a, add(a, add(b, c)))
protectedDiv(a, add(a, add(b, c)))	protectedDiv(a, add(a, add(b, c)))	protectedDiv(a, add(a, add(b, c)))	protectedDiv(a, add(a, add(b, c)))	protectedDiv(a, add(a, add(b, c)))	protectedDiv(a, add(a, add(b, c)))	protectedDiv(a, add(a, add(b, c)))	protectedDiv(a, add(a, add(b, c)))	protectedDiv(a, add(add(b, c), add(b, c)))	protectedDiv(add(b, a), add(c, c))	protectedDiv(a, add(a, add(b, c)))	protectedDiv(a, add(a, add(b, c)))	protectedDiv(a, add(a, add(b, c)))	protectedDiv(a, add(a, add(b, c)))	protectedDiv(a, add(a, add(b, c)))	protectedDiv(a, add(a, add(b, c)))	protectedDiv(a, add(a, add(b, c)))	protectedDiv(a, add(a, add(b, c)))	protectedDiv(a, add(a, add(b, c)))	protectedDiv(a, add(a, add(b, c)))
protectedDiv(a, add(a, add(add(a, add(b, c)), c)))	protectedDiv(a, b)	protectedDiv(a, add(protectedDiv(b, b), add(b, c)))	protectedDiv(a, add(a, add(b, c)))	protectedDiv(a, add(a, add(b, c)))	protectedDiv(a, add(a, add(b, c)))	protectedDiv(a, add(a, add(b, c)))	protectedDiv(a, add(a, add(b, c)))	protectedDiv(a, add(a, add(b, c)))	protectedDiv(a, add(a, add(b, c)))	protectedDiv(a, add(a, add(b, c)))	add(c, b)	protectedDiv(a, add(a, add(b, c)))	protectedDiv(a, add(a, add(b, c)))	add(c, a)	protectedDiv(a, add(a, add(b, c)))	protectedDiv(a, add(a, add(b, c)))	protectedDiv(a, add(a, add(b, c)))	protectedDiv(a, add(a, add(b, c)))	protectedDiv(a, add(a, add(b, c)))
protectedDiv(a, add(a, add(b, c)))	protectedDiv(a, add(a, add(b, c)))	protectedDiv(a, add(a, add(b, c)))	protectedDiv(a, add(a, add(b, c)))	protectedDiv(a, add(a, add(b, c)))	protectedDiv(a, add(a, add(b, c)))	protectedDiv(a, add(a, add(b, c)))	protectedDiv(a, add(a, add(b, c)))	protectedDiv(a, add(a, add(b, c)))	protectedDiv(a, add(a, add(b, c)))	protectedDiv(a, add(a, add(b, c)))	protectedDiv(a, add(a, add(b, c)))	protectedDiv(a, add(a, add(b, c)))	protectedDiv(a, add(a, add(b, c)))	protectedDiv(a, add(protectedDiv(b, b), add(b, c)))	protectedDiv(a, add(protectedDiv(b, b), add(b, c)))	protectedDiv(a, c)	protectedDiv(a, add(a, add(b, add(a, add(b, c)))))	protectedDiv(a, add(protectedDiv(b, b), add(b, c)))	protectedDiv(a, add(protectedDiv(protectedDiv(a, a), protectedDiv(a, b)), add(b, c)))
protectedDiv(a, add(a, add(b, c)))	protectedDiv(a, add(a, add(b, c)))	protectedDiv(a, add(a, add(b, c)))	protectedDiv(a, add(a, add(b, c)))	protectedDiv(a, add(a, add(b, c)))	protectedDiv(a, add(a, add(b, c)))	protectedDiv(a, add(a, add(b, c)))	protectedDiv(a, add(a, add(b, c)))	protectedDiv(a, add(a, add(b, c)))	protectedDiv(a, add(a, add(b, c)))	protectedDiv(a, add(a, add(b, c)))	protectedDiv(a, add(a, add(b, c)))	protectedDiv(a, add(a, add(b, c)))	protectedDiv(a, add(protectedDiv(b, b), add(b, c)))	protectedDiv(add(b, b), add(a, add(b, c)))	protectedDiv(a, add(a, add(b, c)))	protectedDiv(a, add(a, add(b, c)))	protectedDiv(a, add(a, add(b, c)))	protectedDiv(a, add(a, add(b, c)))	protectedDiv(a, add(a, add(b, c)))
protectedDiv(a, add(a, add(b, c)))	protectedDiv(a, add(a, add(b, c)))	protectedDiv(a, add(a, add(b, c)))	protectedDiv(a, add(a, add(b, c)))	protectedDiv(a, add(a, add(b, c)))	protectedDiv(a, add(a, add(b, c)))	protectedDiv(a, add(a, add(b, c)))	protectedDiv(a, add(a, add(b, c)))	protectedDiv(a, add(a, add(b, c)))	protectedDiv(a, add(a, add(b, c)))	protectedDiv(a, add(a, add(b, c)))	protectedDiv(a, add(a, add(b, c)))	protectedDiv(a, add(a, add(b, c)))	protectedDiv(a, add(a, add(b, c)))	protectedDiv(a, add(a, add(b, c)))	protectedDiv(a, add(a, add(b, c)))	protectedDiv(a, add(a, add(b, c)))	protectedDiv(a, add(a, add(b, c)))	protectedDiv(a, add(a, add(b, c)))	protectedDiv(a, add(a, add(b, c)))
protectedDiv(a, add(a, add(b, c)))	protectedDiv(a, add(a, add(b, c)))	protectedDiv(a, b)	protectedDiv(a, add(a, add(add(a, add(b, c)), c)))	protectedDiv(a, add(a, add(b, c)))	protectedDiv(a, add(a, add(b, c)))	protectedDiv(a, add(a, add(b, c)))	protectedDiv(a, add(a, add(b, c)))	protectedDiv(a, add(a, add(b, c)))	protectedDiv(a, add(a, add(b, c)))	protectedDiv(a, add(a, add(b, c)))	protectedDiv(a, add(a, add(b, c)))	protectedDiv(a, add(a, add(b, c)))	protectedDiv(a, add(a, add(b, c)))	protectedDiv(a, add(a, add(b, c)))	protectedDiv(a, add(a, add(b, c)))	protectedDiv(a, add(a, add(b, c)))	protectedDiv(a, add(a, add(b, c)))	protectedDiv(a, add(a, add(b, c)))	protectedDiv(a, add(a, add(b, c)))
protectedDiv(a, add(a, add(b, c)))	protectedDiv(a, add(a, add(b, c)))	protectedDiv(a, add(a, add(b, c)))	protectedDiv(a, add(a, add(b, c)))	protectedDiv(a, add(a, add(b, c)))	protectedDiv(a, add(a, add(b, c)))	protectedDiv(a, add(a, add(b, c)))	protectedDiv(a, add(a, add(b, c)))	protectedDiv(a, add(a, add(b, c)))	protectedDiv(a, add(a, add(b, c)))	protectedDiv(a, add(a, add(b, c)))	protectedDiv(a, add(a, add(b, c)))	protectedDiv(a, add(a, add(b, c)))	protectedDiv(a, add(a, add(b, c)))	protectedDiv(a, add(a, add(b, c)))	protectedDiv(a, add(a, add(b, c)))	protectedDiv(a, add(a, add(add(b, c), c)))	protectedDiv(a, add(a, b))	protectedDiv(a, add(a, add(b, c)))	protectedDiv(a, add(a, add(add(a, add(b, c)), c)))
protectedDiv(a, add(a, add(add(b, c), c)))	protectedDiv(a, add(a, add(b, c)))	protectedDiv(a, add(a, add(b, c)))	protectedDiv(a, add(a, add(b, c)))	protectedDiv(a, add(a, add(add(a, add(b, c)), c)))	protectedDiv(a, add(a, add(b, c)))	protectedDiv(a, add(a, add(b, c)))	protectedDiv(a, add(a, add(b, c)))	protectedDiv(a, add(a, add(b, c)))	protectedDiv(a, add(a, add(b, c)))	protectedDiv(a, add(a, add(b, c)))	protectedDiv(a, add(a, add(b, c)))	protectedDiv(a, add(a, add(b, c)))	protectedDiv(a, add(a, add(b, c)))	protectedDiv(a, add(a, add(b, c)))	protectedDiv(a, add(a, add(add(a, add(b, c)), c)))	protectedDiv(a, add(a, add(b, c)))	protectedDiv(a, add(a, add(b, c)))	protectedDiv(a, add(a, add(b, c)))	protectedDiv(a, add(a, add(b, c)))
protectedDiv(a, add(a, add(b, c)))	protectedDiv(a, add(a, add(b, c)))	protectedDiv(a, add(a, add(b, c)))	protectedDiv(a, add(a, add(b, c)))	protectedDiv(a, add(a, add(b, a)))	protectedDiv(c, add(a, add(b, c)))	protectedDiv(a, add(a, add(c, c)))	protectedDiv(a, add(a, add(b, c)))	protectedDiv(a, add(a, add(b, c)))	protectedDiv(protectedDiv(a, b), add(a, add(b, c)))	protectedDiv(a, add(a, add(b, c)))	protectedDiv(a, add(a, add(b, c)))	protectedDiv(a, add(a, add(b, c)))	protectedDiv(a, add(a, add(b, c)))	protectedDiv(a, add(a, add(b, c)))	protectedDiv(a, add(a, add(b, c)))	protectedDiv(a, add(a, add(b, c)))	protectedDiv(a, add(a, add(b, c)))	protectedDiv(a, add(a, add(b, c)))	protectedDiv(a, add(a, add(b, c)))
protectedDiv(a, add(a, add(b, c)))	protectedDiv(a, add(a, add(b, c)))	protectedDiv(a, add(a, add(add(a, b), c)))	protectedDiv(a, add(a, add(b, c)))	protectedDiv(a, add(a, add(b, c)))	protectedDiv(a, add(a, add(b, c)))	protectedDiv(a, add(a, add(b, c)))	protectedDiv(a, add(a, add(b, c)))	protectedDiv(a, add(a, add(b, c)))	protectedDiv(a, add(a, add(b, c)))	protectedDiv(a, add(a, add(b, c)))	protectedDiv(a, add(a, add(b, c)))	protectedDiv(a, add(a, add(b, c)))	protectedDiv(a, add(a, add(c, c)))	protectedDiv(a, add(a, add(b, c)))	protectedDiv(a, add(a, add(b, c)))	protectedDiv(a, add(a, add(c, c)))	protectedDiv(a, add(a, add(b, c)))	protectedDiv(a, add(a, add(b, c)))	protectedDiv(a, add(a, add(c, c)))
protectedDiv(a, add(a, add(b, c)))	protectedDiv(a, add(a, add(c, c)))	protectedDiv(a, add(a, add(b, c)))	protectedDiv(a, add(a, add(b, c)))	protectedDiv(a, add(a, add(b, c)))	protectedDiv(a, add(a, add(add(a, b), c)))	protectedDiv(a, add(a, add(add(a, b), c)))	protectedDiv(a, add(a, add(b, c)))	protectedDiv(a, add(a, add(b, c)))	protectedDiv(a, add(a, add(b, c)))	protectedDiv(a, add(a, add(b, c)))	protectedDiv(a, add(a, add(c, c)))	protectedDiv(a, add(a, add(b, c)))	protectedDiv(a, add(a, add(b, c)))	protectedDiv(a, add(a, add(b, c)))	protectedDiv(a, add(a, add(add(a, b), c)))	protectedDiv(a, add(a, add(b, c)))	protectedDiv(a, add(a, add(add(a, b), c)))	protectedDiv(a, add(a, add(b, a)))	protectedDiv(a, add(c, add(c, c)))
protectedDiv(a, add(a, add(b, c)))	protectedDiv(a, add(a, add(b, c)))	protectedDiv(a, add(a, add(b, c)))	protectedDiv(a, add(a, add(b, c)))	protectedDiv(a, add(a, add(add(a, b), c)))	protectedDiv(a, add(a, add(add(a, b), c)))	protectedDiv(a, add(a, add(add(a, b), c)))	protectedDiv(a, add(c, add(c, c)))	protectedDiv(a, add(a, add(add(a, b), c)))	protectedDiv(a, add(a, add(b, c)))	protectedDiv(a, add(a, add(b, c)))	protectedDiv(a, add(a, add(b, c)))	protectedDiv(a, add(a, add(add(a, b), c)))	protectedDiv(a, add(a, add(add(a, b), c)))	protectedDiv(a, add(a, add(add(a, b), c)))	protectedDiv(a, add(a, add(b, c)))	protectedDiv(a, add(a, add(c, c)))	protectedDiv(a, add(a, add(b, c)))	protectedDiv(a, add(a, add(b, c)))	protectedDiv(a, add(a, add(b, c)))
protectedDiv(a, add(a, a))	protectedDiv(add(add(a, b), c), add(a, add(add(a, b), c)))	protectedDiv(a, add(a, add(add(a, b), c)))	protectedDiv(a, add(a, add(add(a, b), c)))	protectedDiv(a, add(a, add(add(a, b), c)))	protectedDiv(a, add(a, add(add(a, b), c)))	protectedDiv(a, add(a, add(add(a, b), c)))	protectedDiv(a, add(a, add(add(a, b), c)))	protectedDiv(a, add(a, add(add(a, b), c)))	protectedDiv(a, add(a, add(b, c)))	protectedDiv(a, add(a, add(add(a, b), c)))	protectedDiv(a, add(a, add(add(a, b), c)))	protectedDiv(a, add(b, add(b, c)))	protectedDiv(a, add(a, add(add(a, a), c)))	protectedDiv(a, add(a, add(add(a, add(protectedDiv(c, b), protectedDiv(b, c))), c)))	protectedDiv(a, add(a, add(b, c)))	protectedDiv(a, add(a, add(add(add(a, b), c), c)))	protectedDiv(a, add(a, add(a, b)))	protectedDiv(a, add(a, add(add(a, b), c)))	protectedDiv(a, add(a, add(add(a, b), c)))
protectedDiv(a, add(a, add(add(a, b), c)))	protectedDiv(a, add(a, add(add(add(a, b), c), c)))	protectedDiv(a, add(a, add(add(a, b), c)))	protectedDiv(a, add(a, add(add(a, b), c)))	protectedDiv(a, add(a, add(add(a, b), c)))	protectedDiv(a, add(a, add(add(a, b), c)))	protectedDiv(a, add(a, add(add(a, b), c)))	protectedDiv(a, add(a, add(add(a, b), c)))	protectedDiv(a, add(a, add(add(a, b), c)))	protectedDiv(a, add(a, add(add(a, b), c)))	protectedDiv(a, add(a, add(add(a, b), c)))	protectedDiv(a, add(a, add(add(a, b), c)))	protectedDiv(a, add(a, add(b, c)))	protectedDiv(a, add(a, add(add(a, b), c)))	protectedDiv(a, add(a, add(add(a, b), c)))	protectedDiv(a, add(a, add(add(a, b), c)))	protectedDiv(a, add(a, add(b, c)))	protectedDiv(a, add(a, add(add(a, b), c)))	protectedDiv(a, add(a, add(add(a, b), c)))	protectedDiv(a, add(a, add(add(a, b), c)))
protectedDiv(a, add(a, add(add(a, b), c)))	protectedDiv(a, add(a, add(add(a, b), c)))	protectedDiv(a, add(a, add(add(a, b), c)))	protectedDiv(a, add(a, add(add(a, b), c)))	protectedDiv(a, add(a, add(add(a, b), c)))	protectedDiv(a, add(a, add(add(a, b), c)))	protectedDiv(a, add(a, add(add(a, b), c)))	protectedDiv(a, add(a, add(add(a, b), c)))	protectedDiv(a, add(a, add(add(a, b), c)))	protectedDiv(a, add(a, add(add(a, b), c)))	protectedDiv(a, add(a, add(add(a, b), c)))	protectedDiv(a, add(a, add(add(a, b), c)))	protectedDiv(a, add(a, add(add(a, b), c)))	protectedDiv(a, add(a, add(add(a, b), c)))	protectedDiv(a, add(a, add(add(a, b), c)))	protectedDiv(a, add(a, add(add(a, b), c)))	protectedDiv(a, add(a, add(add(a, b), c)))	protectedDiv(a, add(a, add(add(a, b), c)))	protectedDiv(a, add(a, add(add(a, b), c)))	protectedDiv(a, add(a, add(add(a, b), c)))
protectedDiv(a, add(a, add(add(a, b), c)))	protectedDiv(a, add(a, add(add(a, b), c)))	protectedDiv(a, add(a, add(add(a, b), c)))	protectedDiv(a, add(a, add(add(a, b), c)))	protectedDiv(a, add(a, add(add(a, b), c)))	protectedDiv(a, add(a, add(protectedDiv(a, a), add(c, c))))	protectedDiv(a, add(a, add(add(a, b), c)))	protectedDiv(a, add(a, add(add(a, b), c)))	protectedDiv(a, add(a, add(add(a, b), c)))	protectedDiv(a, add(a, add(add(a, b), c)))	protectedDiv(a, add(a, add(add(a, b), c)))	protectedDiv(a, add(a, add(add(a, b), c)))	protectedDiv(a, add(a, add(add(a, b), c)))	protectedDiv(a, add(a, add(add(a, b), c)))	protectedDiv(a, add(a, add(add(a, b), c)))	protectedDiv(a, add(a, add(add(a, b), c)))	protectedDiv(a, add(a, add(add(a, b), c)))	protectedDiv(a, add(a, add(add(a, b), c)))	protectedDiv(a, add(a, add(add(a, b), c)))	protectedDiv(a, add(a, add(add(a, b), c)))
protectedDiv(a, add(a, add(add(a, b), c)))	protectedDiv(a, add(a, add(add(a, b), c)))	protectedDiv(a, add(a, add(add(a, b), c)))	protectedDiv(a, add(a, add(add(a, b), c)))	protectedDiv(a, add(a, add(add(a, b), c)))	protectedDiv(a, add(a, add(add(a, b), c)))	protectedDiv(a, add(a, add(add(a, b), c)))	protectedDiv(a, add(a, add(add(a, b), c)))	protectedDiv(a, add(a, add(add(a, b), c)))	protectedDiv(a, add(a, add(add(a, b), c)))	protectedDiv(a, add(a, add(add(a, b), c)))	protectedDiv(a, add(a, add(add(a, b), c)))	protectedDiv(a, add(a, add(add(a, b), c)))	protectedDiv(a, add(a, add(add(a, b), c)))	protectedDiv(a, add(a, add(add(a, b), c)))	protectedDiv(a, add(a, add(add(a, b), c)))	protectedDiv(a, add(a, add(add(a, b), c)))	protectedDiv(a, add(a, add(add(a, b), c)))	protectedDiv(a, add(a, add(add(a, b), c)))	protectedDiv(a, add(a, add(add(a, b), c)))
protectedDiv(a, add(a, add(a, c)))	protectedDiv(a, add(add(a, b), add(add(a, b), c)))	protectedDiv(a, add(a, add(add(a, b), c)))	protectedDiv(a, add(a, add(add(a, b), c)))	protectedDiv(a, add(a, add(add(a, b), c)))	protectedDiv(a, add(a, add(add(a, b), c)))	protectedDiv(a, add(a, add(add(a, b), c)))	protectedDiv(a, add(a, add(add(a, b), c)))	protectedDiv(a, add(a, add(add(a, b), c)))	protectedDiv(a, add(a, add(add(a, b), c)))	protectedDiv(a, add(a, add(add(a, b), c)))	protectedDiv(a, add(a, add(add(a, b), c)))	protectedDiv(a, add(a, add(add(a, b), c)))	protectedDiv(a, add(a, add(add(a, b), c)))	protectedDiv(a, add(a, add(add(a, b), c)))	protectedDiv(a, add(a, add(add(a, b), c)))	protectedDiv(a, add(a, add(add(a, b), c)))	protectedDiv(a, add(a, add(add(a, b), c)))	protectedDiv(a, add(a, add(add(a, b), c)))	protectedDiv(a, add(a, add(add(a, b), c)))
protectedDiv(a, add(a, add(add(a, b), c)))	protectedDiv(a, add(a, add(add(a, b), c)))	protectedDiv(a, add(a, add(add(a, b), c)))	protectedDiv(a, add(a, add(add(a, b), c)))	protectedDiv(a, add(a, add(add(a, b), c)))	protectedDiv(a, add(a, add(add(a, b), c)))	protectedDiv(a, add(a, add(add(a, b), c)))	protectedDiv(a, add(a, add(add(a, b), c)))	protectedDiv(a, add(a, add(add(a, b), c)))	protectedDiv(a, add(a, add(add(a, b), c)))	protectedDiv(a, add(a, add(add(a, b), c)))	protectedDiv(a, add(a, add(add(a, b), c)))	protectedDiv(a, add(a, add(add(a, b), c)))	protectedDiv(a, add(a, add(add(a, b), c)))	protectedDiv(a, add(a, add(add(a, b), c)))	protectedDiv(a, add(a, add(add(a, b), c)))	protectedDiv(c, add(a, add(add(a, b), c)))	protectedDiv(a, add(a, add(add(a, b), a)))	protectedDiv(a, add(a, add(add(a, b), c)))	protectedDiv(a, add(a, add(add(a, b), c)))
protectedDiv(a, add(a, add(add(a, b), c)))	protectedDiv(a, add(a, add(add(a, b), c)))	protectedDiv(a, add(a, add(add(a, b), c)))	protectedDiv(a, add(a, add(add(a, b), c)))	protectedDiv(a, add(a, add(add(a, b), c)))	protectedDiv(a, protectedDiv(a, c))	protectedDiv(a, add(a, add(add(a, b), c)))	protectedDiv(a, add(a, add(add(a, b), c)))	protectedDiv(a, add(a, add(add(b, b), add(c, c))))	protectedDiv(a, add(a, add(add(a, b), c)))	protectedDiv(a, add(a, add(add(a, b), c)))	protectedDiv(a, add(a, add(add(a, b), a)))	protectedDiv(a, add(a, add(add(a, b), add(add(a, b), c))))	protectedDiv(a, add(a, c))	protectedDiv(a, add(a, add(add(a, b), c)))	protectedDiv(a, add(a, add(add(a, b), c)))	protectedDiv(a, add(a, add(add(a, b), c)))	protectedDiv(a, add(a, add(add(a, b), c)))	protectedDiv(a, add(a, add(add(a, b), c)))	protectedDiv(a, add(a, add(add(a, b), c)))
protectedDiv(a, add(a, add(add(a, b), c)))	protectedDiv(a, add(a, add(add(a, b), c)))	protectedDiv(a, add(a, add(add(a, b), c)))	protectedDiv(a, add(a, add(add(a, b), c)))	protectedDiv(a, add(a, add(add(a, b), c)))	protectedDiv(a, add(a, add(add(a, b), c)))	protectedDiv(a, add(a, add(add(a, b), c)))	protectedDiv(a, add(a, add(add(a, b), c)))	protectedDiv(a, add(a, add(add(a, b), c)))	protectedDiv(a, add(a, add(add(a, b), c)))	protectedDiv(a, add(a, add(add(a, b), add(a, b))))	protectedDiv(a, add(a, add(add(a, b), c)))	protectedDiv(a, add(a, add(add(a, b), c)))	protectedDiv(a, add(a, add(add(a, b), c)))	protectedDiv(a, add(a, add(add(a, b), c)))	protectedDiv(a, add(a, add(add(a, b), c)))	protectedDiv(a, add(a, add(add(a, b), c)))	protectedDiv(a, add(a, add(add(a, b), c)))	protectedDiv(a, add(a, add(add(b, b), add(c, c))))	protectedDiv(a, add(a, add(add(a, b), c)))
protectedDiv(a, add(a, add(add(a, b), c)))	protectedDiv(a, add(a, add(add(a, b), c)))	protectedDiv(a, add(a, add(add(a, b), c)))	protectedDiv(a, add(a, add(add(a, b), c)))	protectedDiv(a, add(a, add(add(a, b), c)))	protectedDiv(a, add(a, add(add(a, b), c)))	protectedDiv(a, a)	protectedDiv(a, add(a, add(add(add(a, add(add(a, b), c)), b), c)))	protectedDiv(a, add(a, add(add(a, b), c)))	protectedDiv(a, add(a, add(add(a, b), c)))	protectedDiv(a, add(a, add(add(a, b), c)))	protectedDiv(a, add(a, add(add(a, b), c)))	protectedDiv(a, add(a, add(add(a, b), c)))	protectedDiv(a, add(a, add(add(a, b), c)))	protectedDiv(a, add(a, add(add(a, b), c)))	protectedDiv(a, add(a, add(add(a, b), c)))	protectedDiv(a, add(a, add(add(a, b), c)))	protectedDiv(a, add(a, add(add(a, b), c)))	protectedDiv(a, add(a, add(add(a, b), c)))	protectedDiv(a, add(a, add(add(a, b), c)))
protectedDiv(a, add(a, add(add(a, b), c)))	protectedDiv(a, add(a, add(add(a, b), c)))	protectedDiv(a, add(a, add(add(a, b), c)))	protectedDiv(a, add(a, add(add(a, b), c)))	protectedDiv(a, add(a, add(add(a, b), c)))	protectedDiv(a, add(a, add(add(a, b), c)))	protectedDiv(a, add(a, add(add(a, b), c)))	protectedDiv(a, add(a, add(add(a, b), c)))	protectedDiv(a, b)	protectedDiv(a, add(a, add(add(a, add(a, add(add(a, b), c))), c)))	protectedDiv(a, add(a, add(add(a, b), c)))	protectedDiv(a, add(a, add(add(a, b), c)))	protectedDiv(a, add(a, add(add(a, b), c)))	protectedDiv(a, add(a, add(add(a, b), c)))	protectedDiv(a, add(a, add(add(a, b), c)))	protectedDiv(a, add(a, add(add(a, b), c)))	protectedDiv(a, add(a, add(add(a, b), c)))	protectedDiv(a, add(a, add(add(a, b), c)))	protectedDiv(a, add(a, add(add(a, b), c)))	protectedDiv(a, add(a, add(add(a, b), c)))
protectedDiv(a, add(a, add(add(a, b), c)))	protectedDiv(a, add(a, add(add(a, add(a, add(add(a, b), c))), c)))	protectedDiv(a, add(a, add(add(a, b), c)))	protectedDiv(a, add(a, add(add(a, b), c)))	protectedDiv(a, add(a, add(add(a, b), c)))	protectedDiv(a, add(a, add(add(a, b), c)))	protectedDiv(a, add(a, add(add(a, b), c)))	protectedDiv(a, add(a, add(add(a, b), c)))	protectedDiv(a, add(a, add(add(add(a, b), b), c)))	protectedDiv(a, add(a, add(a, a)))	protectedDiv(a, add(a, add(add(a, b), c)))	protectedDiv(a, add(a, add(add(a, b), c)))	protectedDiv(a, add(a, add(add(a, b), c)))	protectedDiv(a, add(a, add(add(a, b), c)))	protectedDiv(a, add(a, add(add(protectedDiv(c, b), protectedDiv(c, c)), c)))	protectedDiv(a, add(a, add(add(a, b), c)))	protectedDiv(a, add(a, add(add(a, b), c)))	protectedDiv(a, add(a, add(add(a, b), c)))	protectedDiv(a, add(a, add(add(c, b), c)))	protectedDiv(a, add(a, add(add(a, b), a)))
protectedDiv(a, add(a, add(add(a, b), c)))	protectedDiv(a, add(a, add(add(a, b), c)))	protectedDiv(a, add(a, add(add(a, b), c)))	protectedDiv(a, add(a, add(add(a, b), c)))	protectedDiv(a, add(a, add(add(a, b), c)))	protectedDiv(a, add(a, add(add(a, b), c)))	protectedDiv(a, add(a, add(add(a, b), c)))	protectedDiv(a, add(a, add(add(a, b), c)))	protectedDiv(a, add(a, add(add(a, b), c)))	protectedDiv(a, add(a, add(add(a, b), c)))	protectedDiv(a, add(a, add(add(a, b), c)))	protectedDiv(a, add(a, add(add(a, b), c)))	protectedDiv(a, add(a, add(add(a, b), c)))	protectedDiv(a, add(a, add(add(a, b), c)))	protectedDiv(a, add(a, add(add(add(a, add(add(a, b), c)), b), c)))	protectedDiv(a, a)	protectedDiv(a, add(a, add(add(a, b), c)))	protectedDiv(a, add(a, add(add(a, b), c)))	protectedDiv(a, add(a, add(add(a, b), c)))	protectedDiv(a, add(a, add(add(a, b), c)))
protectedDiv(a, add(a, add(add(a, b), c)))	protectedDiv(a, add(a, add(add(a, b), c)))	protectedDiv(a, add(a, add(add(a, b), c)))	protectedDiv(a, add(a, add(add(a, b), c)))	protectedDiv(a, add(a, add(add(a, b), c)))	protectedDiv(a, add(a, add(add(a, b), c)))	protectedDiv(a, add(a, add(add(a, b), c)))	protectedDiv(a, add(a, add(add(a, b), c)))	protectedDiv(a, add(a, add(add(c, b), c)))	protectedDiv(a, add(a, b))	protectedDiv(a, add(a, add(add(a, b), c)))	protectedDiv(a, add(a, add(add(a, b), c)))	protectedDiv(a, add(a, add(add(a, b), c)))	protectedDiv(a, add(a, add(add(a, b), c)))	protectedDiv(a, add(a, add(add(a, b), c)))	protectedDiv(a, add(a, add(add(a, b), c)))	protectedDiv(a, add(a, add(add(a, b), c)))	protectedDiv(a, add(a, add(add(a, b), c)))	protectedDiv(a, add(a, add(add(a, b), c)))	protectedDiv(a, add(a, add(add(a, b), c)))
protectedDiv(a, add(a, add(add(a, b), c)))	protectedDiv(a, add(a, add(add(a, b), c)))	protectedDiv(a, add(a, add(add(a, b), c)))	protectedDiv(a, add(a, add(add(a, b), c)))	protectedDiv(a, add(a, add(add(a, b), c)))	protectedDiv(a, add(a, add(add(a, b), c)))	protectedDiv(a, add(a, add(add(a, b), c)))	protectedDiv(a, add(a, add(add(a, b), c)))	protectedDiv(a, add(a, add(add(a, b), c)))	protectedDiv(a, add(a, add(add(c, b), c)))	protectedDiv(a, add(a, add(add(a, b), c)))	protectedDiv(a, add(a, add(add(a, b), c)))	protectedDiv(a, add(a, add(add(a, b), c)))	protectedDiv(a, add(a, add(add(a, b), c)))	protectedDiv(a, add(a, add(add(a, b), c)))	protectedDiv(a, add(a, add(add(a, b), c)))	protectedDiv(a, add(a, add(add(a, b), c)))	protectedDiv(a, add(a, add(add(a, b), c)))	protectedDiv(a, add(a, add(add(a, b), c)))	protectedDiv(a, add(a, add(add(a, b), c)))
protectedDiv(a, add(a, add(add(a, b), c)))	protectedDiv(a, add(a, add(add(a, b), c)))	protectedDiv(a, add(a, add(add(a, b), c)))	protectedDiv(a, add(a, add(add(a, b), c)))	protectedDiv(a, add(a, add(add(a, b), c)))	protectedDiv(a, add(a, add(add(a, b), c)))	protectedDiv(a, add(a, add(add(a, b), c)))	protectedDiv(a, add(a, add(add(a, b), c)))	protectedDiv(a, add(a, add(add(a, b), c)))	protectedDiv(a, add(a, add(add(a, b), c)))	protectedDiv(a, add(a, add(add(a, b), c)))	protectedDiv(a, add(a, add(add(a, b), c)))	protectedDiv(a, add(a, add(add(a, b), c)))	protectedDiv(a, add(a, add(add(a, b), c)))	protectedDiv(a, add(a, add(add(a, b), c)))	protectedDiv(a, add(a, add(add(a, b), c)))	protectedDiv(a, add(a, add(add(a, b), c)))	protectedDiv(a, add(a, add(add(a, b), c)))	protectedDiv(a, add(a, add(add(a, b), c)))	protectedDiv(a, add(a, add(add(a, b), c)))
protectedDiv(a, add(a, add(add(a, b), c)))	protectedDiv(a, add(a, add(add(a, b), c)))	protectedDiv(a, add(a, add(add(a, b), c)))	protectedDiv(a, add(a, add(add(a, b), c)))	protectedDiv(a, add(a, add(add(a, b), c)))	protectedDiv(a, add(a, add(add(a, b), c)))	protectedDiv(a, add(a, add(add(a, b), c)))	protectedDiv(a, add(a, add(add(a, b), c)))	protectedDiv(a, add(a, add(add(a, b), c)))	protectedDiv(a, add(a, add(add(a, b), c)))	protectedDiv(a, add(a, add(add(a, b), c)))	protectedDiv(a, add(a, add(add(a, b), c)))	protectedDiv(a, add(a, add(add(a, b), c)))	protectedDiv(a, add(a, add(add(a, b), c)))	protectedDiv(a, a)	protectedDiv(add(a, add(add(a, b), c)), add(a, add(add(a, b), c)))	protectedDiv(a, add(a, add(add(add(add(a, b), c), b), c)))	protectedDiv(a, add(a, a))	protectedDiv(a, add(a, add(add(a, b), c)))	protectedDiv(a, add(a, add(add(a, b), c)))
protectedDiv(a, add(a, add(add(a, b), c)))	protectedDiv(a, add(a, add(add(a, b), c)))	protectedDiv(a, add(a, add(add(a, b), c)))	protectedDiv(a, add(a, add(add(a, b), c)))	protectedDiv(a, add(a, add(add(a, b), c)))	protectedDiv(a, add(a, add(add(a, b), c)))	protectedDiv(a, add(a, add(add(a, b), c)))	protectedDiv(a, add(a, add(add(a, b), c)))	protectedDiv(a, add(a, add(add(a, b), c)))	protectedDiv(a, add(a, add(add(a, b), c)))	protectedDiv(a, add(a, add(add(a, b), c)))	protectedDiv(a, add(a, add(add(a, b), c)))	protectedDiv(a, add(a, add(add(a, b), c)))	protectedDiv(a, add(a, add(add(a, b), c)))	protectedDiv(a, add(a, add(add(a, b), c)))	protectedDiv(a, add(a, add(add(a, b), c)))	protectedDiv(a, add(add(a, b), c))	protectedDiv(a, add(a, add(a, add(add(a, b), c))))	protectedDiv(a, add(a, add(add(a, b), c)))	protectedDiv(a, add(a, add(add(a, b), c)))
protectedDiv(a, add(add(a, add(add(a, b), c)), add(add(a, b), c)))	protectedDiv(a, a)	protectedDiv(a, add(a, add(add(a, b), c)))	protectedDiv(a, add(a, add(add(a, b), c)))	protectedDiv(a, add(a, add(add(a, b), c)))	protectedDiv(a, add(a, add(add(a, b), c)))	protectedDiv(a, add(a, add(add(a, b), c)))	protectedDiv(a, add(a, add(add(a, b), c)))	protectedDiv(a, add(a, add(add(a, b), c)))	protectedDiv(a, add(a, add(add(a, b), c)))	protectedDiv(a, add(a, add(add(a, b), c)))	protectedDiv(add(b, c), add(a, add(add(a, b), c)))	protectedDiv(a, add(a, add(add(a, b), c)))	protectedDiv(a, add(a, add(add(a, b), c)))	protectedDiv(a, add(a, add(add(a, b), c)))	protectedDiv(a, add(a, add(add(a, b), c)))	protectedDiv(a, add(a, add(add(a, b), c)))	protectedDiv(a, add(a, add(add(a, b), c)))	protectedDiv(a, add(a, add(add(a, b), c)))	protectedDiv(a, add(a, add(add(a, b), c)))
protectedDiv(a, add(a, add(add(a, b), c)))	protectedDiv(a, add(a, add(add(a, b), c)))	protectedDiv(a, add(a, add(add(a, b), c)))	protectedDiv(a, add(a, add(add(a, b), c)))	protectedDiv(a, add(a, add(add(a, add(add(a, b), c)), c)))	protectedDiv(a, add(a, b))	protectedDiv(a, add(a, add(add(a, b), c)))	protectedDiv(a, add(a, add(add(a, b), c)))	protectedDiv(a, add(a, add(add(a, b), c)))	protectedDiv(a, add(a, add(add(a, b), c)))	protectedDiv(a, add(a, add(add(a, b), c)))	protectedDiv(a, add(a, add(add(a, b), c)))	protectedDiv(a, add(a, add(add(a, b), c)))	protectedDiv(a, add(a, add(add(a, b), c)))	protectedDiv(a, add(a, add(add(a, b), c)))	protectedDiv(a, add(a, add(add(a, b), c)))	protectedDiv(a, add(a, add(add(a, b), c)))	protectedDiv(a, add(a, add(add(a, b), c)))	protectedDiv(a, add(a, add(add(a, b), c)))	protectedDiv(a, add(a, add(add(a, b), c)))
protectedDiv(a, add(a, add(add(a, b), c)))	protectedDiv(a, add(a, add(add(a, b), c)))	protectedDiv(a, add(a, add(add(a, b), c)))	protectedDiv(a, add(a, add(add(a, b), c)))	protectedDiv(a, add(a, add(add(a, b), c)))	protectedDiv(a, add(a, add(add(a, protectedDiv(c, b)), c)))	protectedDiv(a, add(a, add(add(a, b), c)))	protectedDiv(a, add(a, add(add(a, b), c)))	protectedDiv(a, add(a, a))	protectedDiv(add(add(a, b), c), add(a, add(add(a, b), c)))	protectedDiv(a, add(a, add(add(a, b), c)))	protectedDiv(a, add(a, add(add(a, c), c)))	protectedDiv(a, add(a, add(add(a, b), c)))	protectedDiv(a, add(a, add(add(a, b), c)))	protectedDiv(a, add(a, add(add(a, a), c)))	protectedDiv(a, add(a, add(add(a, b), c)))	protectedDiv(a, add(a, add(add(a, b), c)))	protectedDiv(a, add(a, add(add(a, add(add(a, b), c)), c)))	protectedDiv(a, add(a, add(a, c)))	protectedDiv(a, add(add(a, b), add(add(a, add(add(a, b), c)), c)))
protectedDiv(a, add(add(a, b), add(add(a, add(add(a, b), c)), c)))	protectedDiv(a, add(a, add(add(a, c), c)))	protectedDiv(a, add(a, add(add(a, b), c)))	protectedDiv(a, add(a, add(add(a, b), c)))	protectedDiv(a, add(b, add(protectedDiv(protectedDiv(b, a), add(a, b)), c)))	protectedDiv(a, add(a, add(add(a, a), c)))	protectedDiv(a, add(b, b))	protectedDiv(a, add(a, add(add(a, b), c)))	protectedDiv(a, add(a, add(add(a, b), c)))	protectedDiv(a, add(a, add(add(a, b), c)))	protectedDiv(a, add(a, add(add(a, b), c)))	protectedDiv(a, add(a, add(add(a, b), c)))	protectedDiv(a, add(a, add(add(a, b), c)))	protectedDiv(a, add(a, add(add(a, b), c)))	protectedDiv(a, add(a, add(add(a, b), c)))	protectedDiv(a, add(a, add(add(a, b), c)))	protectedDiv(a, add(a, add(add(a, b), c)))	protectedDiv(a, add(a, add(add(a, c), c)))	protectedDiv(a, add(a, add(add(a, b), c)))	protectedDiv(a, add(a, add(add(a, c), c)))
protectedDiv(a, add(a, add(add(a, c), c)))	protectedDiv(a, add(a, add(add(a, b), c)))	protectedDiv(a, add(a, add(add(a, b), c)))	protectedDiv(a, add(a, add(add(a, b), c)))	protectedDiv(a, add(a, add(add(a, b), c)))	protectedDiv(a, add(a, add(add(a, b), c)))	protectedDiv(a, add(a, add(add(a, c), c)))	protectedDiv(a, add(a, add(add(a, b), c)))	protectedDiv(a, add(a, add(add(a, a), c)))	protectedDiv(a, add(a, add(add(a, b), c)))	protectedDiv(a, add(a, add(add(a, b), c)))	protectedDiv(a, add(a, add(add(a, b), c)))	protectedDiv(a, add(a, add(add(a, b), c)))	protectedDiv(a, add(a, add(add(a, b), c)))	protectedDiv(a, add(a, add(add(a, b), c)))	protectedDiv(a, add(a, add(add(a, b), c)))	protectedDiv(a, add(a, add(add(a, b), c)))	protectedDiv(a, add(a, add(add(a, b), c)))	protectedDiv(a, add(a, add(add(b, b), c)))	protectedDiv(a, add(a, add(add(a, a), c)))
protectedDiv(a, add(a, add(add(a, c), c)))	protectedDiv(a, add(a, add(add(a, c), c)))	protectedDiv(a, add(a, add(add(a, b), c)))	protectedDiv(a, add(a, add(add(a, b), c)))	protectedDiv(add(a, add(add(a, b), c)), add(a, add(add(a, b), c)))	add(add(b, c), add(c, c))	protectedDiv(a, add(a, add(add(a, b), c)))	protectedDiv(a, add(a, add(add(a, b), c)))	protectedDiv(a, add(a, add(add(a, c), c)))	protectedDiv(a, add(a, add(add(a, b), c)))	protectedDiv(a, add(a, add(add(a, b), c)))	protectedDiv(a, add(a, add(add(a, b), c)))	protectedDiv(a, add(a, add(add(a, b), c)))	protectedDiv(a, add(a, add(add(a, b), c)))	protectedDiv(a, add(a, add(add(a, b), c)))	protectedDiv(a, add(a, add(add(a, c), c)))	protectedDiv(a, add(a, add(add(a, b), c)))	protectedDiv(a, add(a, add(add(a, b), c)))	protectedDiv(a, add(a, add(add(a, b), c)))	protectedDiv(a, add(a, add(add(a, b), c)))
protectedDiv(a, add(a, add(add(a, b), c)))	protectedDiv(a, add(a, add(add(a, b), c)))	protectedDiv(a, add(a, add(add(a, b), c)))	protectedDiv(a, add(a, add(add(a, c), c)))	protectedDiv(a, add(a, add(add(a, b), c)))	protectedDiv(a, add(a, add(add(a, b), c)))	protectedDiv(a, add(a, add(add(a, c), c)))	protectedDiv(a, add(a, add(add(a, b), c)))	protectedDiv(a, add(a, add(add(a, b), c)))	protectedDiv(a, add(a, add(add(a, b), c)))	protectedDiv(a, add(a, add(add(a, b), c)))	protectedDiv(a, add(a, add(add(a, b), c)))	protectedDiv(a, add(a, add(add(a, b), c)))	protectedDiv(a, add(a, add(add(a, b), c)))	protectedDiv(a, add(a, add(add(a, b), c)))	protectedDiv(a, add(a, add(add(a, b), c)))	protectedDiv(a, add(a, add(add(a, b), c)))	protectedDiv(a, add(a, add(add(a, b), c)))	protectedDiv(a, add(a, add(add(a, b), c)))	protectedDiv(a, add(a, add(add(a, c), c)))
protectedDiv(a, add(a, add(add(a, b), c)))	protectedDiv(a, add(a, add(add(a, b), c)))	protectedDiv(a, add(a, add(add(a, b), c)))	protectedDiv(a, add(a, add(add(a, b), c)))	protectedDiv(a, add(add(a, b), add(add(add(b, a), add(c, b)), c)))	protectedDiv(a, add(a, add(a, c)))	protectedDiv(a, add(a, add(add(add(a, add(add(a, b), c)), b), c)))	protectedDiv(a, a)	protectedDiv(a, add(a, add(add(a, b), c)))	protectedDiv(a, add(a, add(add(a, b), c)))	protectedDiv(a, add(a, add(add(a, b), c)))	protectedDiv(a, add(a, add(add(a, b), c)))	protectedDiv(a, add(a, add(add(a, b), c)))	protectedDiv(a, add(a, add(add(a, b), c)))	protectedDiv(a, add(a, add(add(a, b), c)))	protectedDiv(a, add(a, add(add(a, b), c)))	protectedDiv(a, add(a, add(add(a, b), c)))	protectedDiv(a, add(a, add(add(a, b), c)))	protectedDiv(a, add(a, add(a, c)))	protectedDiv(a, add(a, add(add(add(a, b), b), c)))
protectedDiv(a, add(a, add(add(a, b), c)))	protectedDiv(a, add(a, add(add(a, b), c)))	protectedDiv(a, add(a, add(add(a, b), c)))	protectedDiv(a, add(a, add(add(a, b), c)))	protectedDiv(a, add(a, add(add(a, b), c)))	protectedDiv(a, add(a, add(add(a, b), c)))	protectedDiv(a, add(a, add(add(add(a, c), protectedDiv(b, b)), c)))	protectedDiv(a, add(a, add(add(a, b), c)))	protectedDiv(a, add(a, add(add(a, b), c)))	protectedDiv(a, add(a, add(add(a, b), c)))	protectedDiv(a, a)	protectedDiv(add(a, add(add(a, b), c)), add(a, add(add(a, b), c)))	protectedDiv(a, add(a, add(add(a, b), c)))	protectedDiv(a, add(a, add(add(a, b), c)))	protectedDiv(a, add(a, add(add(add(a, protectedDiv(protectedDiv(a, c), add(a, c))), b), c)))	protectedDiv(a, add(a, add(a, c)))	protectedDiv(a, add(a, add(add(a, b), c)))	protectedDiv(a, add(a, add(add(a, b), c)))	protectedDiv(a, add(a, add(add(a, b), c)))	protectedDiv(a, add(a, add(add(a, b), c)))
protectedDiv(a, add(a, add(add(a, b), c)))	protectedDiv(a, add(protectedDiv(b, b), protectedDiv(b, a)))	protectedDiv(a, add(a, add(add(a, b), c)))	protectedDiv(a, add(a, add(add(a, b), c)))	protectedDiv(a, add(a, add(add(a, b), c)))	protectedDiv(a, add(a, add(add(a, b), c)))	protectedDiv(a, add(a, add(add(a, b), c)))	protectedDiv(a, add(a, add(add(a, b), c)))	protectedDiv(a, add(a, add(add(a, b), c)))	protectedDiv(a, add(a, add(add(a, b), c)))	protectedDiv(a, add(a, add(add(a, b), c)))	protectedDiv(a, add(a, add(add(a, b), c)))	protectedDiv(a, add(a, add(add(a, b), c)))	protectedDiv(a, add(a, add(add(a, b), c)))	protectedDiv(a, add(a, add(add(a, b), c)))	protectedDiv(a, add(a, add(add(a, b), c)))	protectedDiv(a, add(a, add(add(a, b), c)))	protectedDiv(a, add(a, add(add(a, b), c)))	protectedDiv(a, add(a, add(add(a, b), c)))	protectedDiv(a, add(a, add(add(a, b), c)))
protectedDiv(a, add(a, add(add(a, b), c)))	protectedDiv(a, add(a, add(add(a, b), c)))	protectedDiv(a, add(a, add(add(a, b), c)))	protectedDiv(a, add(a, add(add(a, b), c)))	protectedDiv(a, add(a, add(add(a, b), c)))	protectedDiv(a, add(a, add(add(a, b), c)))	protectedDiv(a, add(a, add(add(a, b), c)))	protectedDiv(protectedDiv(a, a), add(a, add(add(a, b), c)))	protectedDiv(a, add(c, add(add(c, b), c)))	protectedDiv(a, add(a, add(add(a, b), a)))	protectedDiv(a, add(a, add(add(a, b), c)))	protectedDiv(a, add(a, add(add(a, b), c)))	protectedDiv(a, add(a, add(add(a, b), c)))	protectedDiv(a, add(a, add(add(a, b), c)))	protectedDiv(a, add(a, add(add(a, b), c)))	protectedDiv(a, add(a, add(add(a, b), c)))	protectedDiv(a, add(a, add(add(a, b), c)))	protectedDiv(a, add(a, add(add(a, b), c)))	protectedDiv(a, add(a, add(add(a, b), c)))	protectedDiv(a, add(a, add(add(a, b), c)))
protectedDiv(a, add(protectedDiv(a, c), add(add(a, b), c)))	protectedDiv(a, add(a, a))	protectedDiv(a, add(a, add(add(a, b), c)))	protectedDiv(a, add(a, add(add(a, b), c)))	protectedDiv(a, add(a, add(add(a, b), c)))	protectedDiv(a, add(a, add(add(a, b), c)))	protectedDiv(a, add(a, add(add(a, b), c)))	protectedDiv(a, add(a, add(add(a, b), c)))	protectedDiv(a, add(a, add(add(a, b), c)))	protectedDiv(a, add(a, add(add(a, b), c)))	protectedDiv(a, add(a, add(add(a, b), c)))	protectedDiv(a, add(a, add(add(a, b), c)))	protectedDiv(a, add(a, add(add(a, b), c)))	protectedDiv(a, add(a, add(add(a, b), c)))	protectedDiv(a, add(a, add(protectedDiv(add(a, a), add(a, a)), c)))	protectedDiv(a, add(a, add(add(a, b), c)))	protectedDiv(a, add(a, add(add(a, b), c)))	protectedDiv(a, add(a, add(add(a, b), c)))	protectedDiv(a, add(a, add(add(a, b), c)))	protectedDiv(a, add(a, add(add(a, b), c)))
protectedDiv(a, add(a, add(add(a, b), c)))	protectedDiv(a, add(a, add(add(a, b), c)))	protectedDiv(a, add(a, add(add(a, b), c)))	protectedDiv(a, add(a, add(add(a, b), c)))	protectedDiv(a, add(a, add(add(a, b), c)))	protectedDiv(a, add(a, add(add(a, b), c)))	protectedDiv(a, add(a, add(add(a, b), c)))	protectedDiv(a, add(a, add(add(a, b), c)))	protectedDiv(a, add(a, add(add(a, add(add(a, b), c)), c)))	protectedDiv(a, add(a, b))	protectedDiv(a, add(a, add(add(a, b), c)))	protectedDiv(a, add(a, add(add(a, b), c)))	protectedDiv(a, add(a, add(add(a, b), c)))	protectedDiv(a, add(a, add(add(a, b), c)))	protectedDiv(a, add(a, add(add(a, b), c)))	protectedDiv(a, add(a, add(add(a, b), c)))	protectedDiv(a, add(a, add(add(a, b), c)))	protectedDiv(a, add(a, add(add(a, b), c)))	protectedDiv(a, add(a, add(add(a, b), c)))	protectedDiv(a, add(a, add(add(protectedDiv(b, b), protectedDiv(c, c)), c)))
protectedDiv(a, add(a, add(add(a, b), c)))	protectedDiv(a, add(a, add(add(a, b), c)))	protectedDiv(a, add(a, add(add(a, b), c)))	protectedDiv(a, add(a, add(add(a, b), c)))	protectedDiv(a, add(a, add(add(a, b), c)))	protectedDiv(a, add(a, add(add(a, b), c)))	protectedDiv(a, add(a, add(add(a, add(add(a, b), c)), c)))	protectedDiv(a, add(a, add(add(a, b), c)))	protectedDiv(a, add(a, add(add(a, b), c)))	protectedDiv(a, add(a, add(add(a, b), c)))	protectedDiv(a, add(a, add(add(a, b), c)))	protectedDiv(a, add(a, add(add(a, b), c)))	protectedDiv(a, add(a, add(add(a, b), c)))	protectedDiv(a, add(a, add(add(a, b), c)))	protectedDiv(a, add(a, add(add(a, b), c)))	protectedDiv(a, add(a, add(add(protectedDiv(b, b), protectedDiv(c, c)), c)))	protectedDiv(a, add(a, add(add(a, b), c)))	protectedDiv(a, add(a, add(add(a, b), c)))	protectedDiv(a, add(a, add(add(a, add(add(a, b), c)), c)))	protectedDiv(a, add(a, add(add(a, b), c)))
protectedDiv(a, add(a, add(add(a, b), c)))	protectedDiv(a, add(a, add(add(a, b), c)))	protectedDiv(a, add(a, add(add(a, b), c)))	protectedDiv(a, add(a, add(add(a, b), c)))	protectedDiv(a, add(a, protectedDiv(protectedDiv(a, b), protectedDiv(b, c))))	protectedDiv(a, add(a, add(add(a, b), c)))	protectedDiv(a, add(a, add(add(a, b), a)))	protectedDiv(c, add(a, add(b, c)))	protectedDiv(a, add(a, add(add(a, b), c)))	protectedDiv(a, add(a, add(add(a, b), c)))	protectedDiv(a, add(protectedDiv(add(a, a), add(a, b)), add(add(a, b), c)))	protectedDiv(a, add(a, add(add(a, b), c)))	protectedDiv(a, add(a, add(add(a, b), c)))	protectedDiv(a, add(a, add(add(a, b), c)))	protectedDiv(a, add(a, add(add(a, b), c)))	protectedDiv(a, add(a, add(add(a, b), c)))	protectedDiv(a, add(a, add(add(a, b), c)))	protectedDiv(a, add(a, add(add(a, b), c)))	protectedDiv(a, add(a, add(add(a, b), c)))	protectedDiv(a, add(a, add(add(a, b), c)))
protectedDiv(a, add(a, add(add(a, b), c)))	protectedDiv(a, add(a, add(add(a, b), c)))	protectedDiv(a, add(a, add(add(a, b), c)))	protectedDiv(a, add(a, add(add(a, b), c)))	protectedDiv(a, add(a, add(add(a, b), c)))	protectedDiv(a, add(a, add(add(a, b), c)))	protectedDiv(a, add(a, add(add(a, b), c)))	protectedDiv(a, add(a, add(add(a, b), c)))	protectedDiv(a, add(a, add(add(a, b), c)))	protectedDiv(a, add(a, add(add(a, b), c)))	protectedDiv(a, add(a, add(add(a, b), c)))	protectedDiv(a, add(a, add(add(a, b), c)))	protectedDiv(a, add(a, add(add(a, b), a)))	protectedDiv(a, add(a, add(add(a, b), c)))	protectedDiv(a, add(a, add(add(a, b), c)))	protectedDiv(a, add(a, add(add(a, b), c)))	protectedDiv(a, add(a, add(add(a, b), c)))	protectedDiv(a, add(a, add(add(a, b), c)))	protectedDiv(add(a, b), add(a, add(add(a, b), c)))	protectedDiv(a, add(a, add(a, c)))
protectedDiv(a, add(a, add(add(a, b), c)))	protectedDiv(a, add(a, add(add(a, b), c)))	protectedDiv(a, add(a, add(add(a, b), c)))	protectedDiv(a, add(a, add(add(a, b), c)))	protectedDiv(a, add(a, add(add(a, b), c)))	protectedDiv(a, add(a, add(add(a, b), c)))	protectedDiv(a, add(a, add(add(a, b), c)))	protectedDiv(a, add(a, add(add(a, b), c)))	protectedDiv(a, add(a, add(add(a, b), c)))	protectedDiv(a, add(a, add(add(a, b), c)))	protectedDiv(a, add(a, add(add(a, b), c)))	protectedDiv(a, add(a, add(add(a, b), c)))	protectedDiv(a, add(a, add(add(a, b), c)))	protectedDiv(add(a, b), add(a, add(add(a, b), c)))	protectedDiv(a, add(a, add(add(a, b), c)))	protectedDiv(a, add(a, add(add(a, b), c)))	protectedDiv(a, add(a, add(add(a, b), c)))	protectedDiv(a, add(a, add(add(a, b), c)))	protectedDiv(a, add(a, add(a, c)))	protectedDiv(a, add(a, add(add(a, b), c)))
protectedDiv(a, add(a, add(add(a, b), c)))	protectedDiv(a, add(a, add(add(a, b), c)))	protectedDiv(a, add(a, add(add(a, b), c)))	protectedDiv(a, add(a, add(add(a, b), c)))	protectedDiv(a, add(a, add(add(a, b), c)))	protectedDiv(a, add(a, add(add(a, b), c)))	protectedDiv(a, add(a, add(add(a, b), c)))	protectedDiv(a, add(a, add(add(a, b), c)))	protectedDiv(a, add(a, add(add(a, b), c)))	protectedDiv(a, add(a, add(add(a, b), c)))	protectedDiv(a, add(a, add(add(a, b), c)))	protectedDiv(a, add(a, add(a, c)))	protectedDiv(a, add(a, add(add(a, b), c)))	protectedDiv(a, add(a, add(add(a, b), c)))	protectedDiv(a, add(a, add(add(a, b), c)))	protectedDiv(a, add(a, add(add(a, b), c)))	protectedDiv(a, add(protectedDiv(a, b), add(add(a, b), c)))	protectedDiv(a, add(a, add(add(a, b), c)))	protectedDiv(a, add(a, add(add(a, b), c)))	protectedDiv(a, add(a, add(add(a, b), c)))
protectedDiv(a, add(a, add(add(a, b), c)))	protectedDiv(a, add(a, add(add(a, b), c)))	protectedDiv(a, add(a, add(add(a, b), c)))	protectedDiv(a, add(a, add(add(a, b), c)))	protectedDiv(a, add(a, add(add(a, b), c)))	protectedDiv(a, add(a, add(add(a, b), c)))	protectedDiv(a, add(a, add(add(a, b), c)))	protectedDiv(protectedDiv(add(b, a), add(a, b)), add(a, add(add(a, b), c)))	protectedDiv(a, add(a, add(add(a, b), c)))	protectedDiv(a, add(a, add(add(a, b), c)))	protectedDiv(a, add(add(add(b, c), add(c, c)), add(add(a, b), c)))	protectedDiv(a, add(a, add(add(a, b), c)))	protectedDiv(a, add(a, add(add(a, b), c)))	protectedDiv(a, add(a, add(add(a, b), c)))	protectedDiv(a, add(a, add(add(a, b), c)))	protectedDiv(a, add(a, add(add(a, b), c)))	protectedDiv(a, add(a, add(add(a, b), a)))	protectedDiv(c, add(a, add(add(a, b), c)))	protectedDiv(a, add(a, add(add(a, b), c)))	protectedDiv(a, add(a, add(add(a, b), c)))
protectedDiv(a, add(a, add(add(a, b), c)))	protectedDiv(a, add(a, add(add(a, b), c)))	protectedDiv(a, add(a, add(add(a, b), c)))	protectedDiv(a, add(a, add(add(a, b), c)))	protectedDiv(a, add(a, add(add(a, b), c)))	protectedDiv(a, add(a, add(add(a, b), c)))	protectedDiv(a, add(a, add(add(a, b), c)))	protectedDiv(a, add(a, add(add(a, b), c)))	protectedDiv(a, add(a, add(add(a, add(add(a, b), c)), c)))	protectedDiv(a, add(a, b))	protectedDiv(a, add(a, add(add(a, b), c)))	protectedDiv(a, add(a, add(add(a, b), c)))	protectedDiv(a, add(a, add(add(a, b), c)))	protectedDiv(a, add(a, add(add(a, b), c)))	protectedDiv(a, add(a, add(add(a, b), c)))	protectedDiv(a, add(a, add(add(a, b), c)))	protectedDiv(a, add(a, add(add(a, b), c)))	protectedDiv(a, add(a, add(add(a, b), c)))	protectedDiv(a, add(a, add(add(a, b), c)))	protectedDiv(a, add(a, add(add(a, b), c)))
protectedDiv(a, add(a, add(add(a, b), c)))	protectedDiv(a, add(a, add(add(a, b), c)))	protectedDiv(a, add(a, add(add(a, b), c)))	protectedDiv(a, add(a, add(add(a, b), c)))	protectedDiv(a, add(a, add(add(a, b), c)))	protectedDiv(a, add(a, add(add(a, b), c)))	protectedDiv(a, add(a, add(add(a, b), c)))	protectedDiv(a, add(a, add(add(a, b), c)))	protectedDiv(a, add(a, add(add(a, b), a)))	protectedDiv(c, add(a, add(add(a, b), c)))	protectedDiv(a, add(a, add(add(a, b), c)))	protectedDiv(a, add(a, add(add(a, b), c)))	protectedDiv(a, add(a, add(add(a, b), c)))	protectedDiv(a, add(a, add(add(a, b), c)))	protectedDiv(a, add(a, add(add(a, b), c)))	protectedDiv(a, add(a, add(add(a, b), c)))	protectedDiv(a, add(a, add(add(a, b), c)))	protectedDiv(a, add(a, add(add(a, b), c)))	protectedDiv(a, add(a, add(a, b)))	protectedDiv(a, add(a, add(add(add(a, b), c), c)))
protectedDiv(a, add(a, add(add(a, b), c)))	protectedDiv(a, add(a, add(add(a, b), c)))	protectedDiv(a, add(a, add(add(a, b), c)))	protectedDiv(a, add(a, add(add(a, b), c)))	protectedDiv(a, add(a, add(add(a, b), c)))	protectedDiv(a, add(a, add(add(a, b), c)))	protectedDiv(a, add(a, add(add(a, b), a)))	protectedDiv(a, add(protectedDiv(b, b), add(add(a, b), c)))	protectedDiv(a, add(a, a))	protectedDiv(a, add(add(add(a, b), c), add(add(a, b), c)))	protectedDiv(a, add(a, add(add(a, b), c)))	protectedDiv(a, add(a, add(add(a, b), c)))	protectedDiv(a, add(a, add(add(a, b), c)))	protectedDiv(a, add(a, add(add(a, b), c)))	protectedDiv(a, add(a, add(add(a, b), c)))	protectedDiv(a, add(a, add(add(a, b), c)))	protectedDiv(a, add(a, add(add(a, b), c)))	protectedDiv(a, add(a, add(add(a, b), c)))	protectedDiv(a, add(a, add(add(a, b), c)))	protectedDiv(a, add(a, add(add(a, b), c)))
protectedDiv(a, add(a, add(add(a, b), c)))	protectedDiv(a, add(a, add(add(a, b), c)))	protectedDiv(a, add(a, add(add(a, b), c)))	protectedDiv(a, add(a, add(add(a, b), c)))	protectedDiv(a, add(a, add(add(a, b), c)))	protectedDiv(a, add(a, add(add(a, b), c)))	protectedDiv(a, add(a, add(add(a, b), c)))	protectedDiv(a, add(a, add(add(a, b), c)))	protectedDiv(a, add(a, add(add(a, b), c)))	protectedDiv(a, add(a, add(add(a, b), c)))	protectedDiv(a, add(a, add(add(a, b), c)))	protectedDiv(a, add(a, add(add(a, b), c)))	protectedDiv(a, add(a, add(add(a, b), c)))	protectedDiv(a, add(a, add(add(a, b), c)))	protectedDiv(a, add(a, add(add(a, b), c)))	protectedDiv(a, add(a, add(add(a, b), c)))	protectedDiv(a, add(a, add(add(a, b), c)))	protectedDiv(a, add(a, add(add(a, b), c)))	protectedDiv(a, add(a, add(add(a, b), c)))	protectedDiv(a, add(a, add(add(a, b), c)))
protectedDiv(a, add(a, add(add(a, b), c)))	protectedDiv(a, add(a, add(add(a, b), c)))	protectedDiv(a, add(a, add(add(a, b), c)))	protectedDiv(a, add(a, add(add(a, b), c)))	protectedDiv(a, add(a, add(add(a, b), c)))	protectedDiv(a, add(a, add(add(a, b), c)))	protectedDiv(add(add(a, b), c), add(a, add(add(a, b), c)))	protectedDiv(a, add(a, a))	protectedDiv(a, add(a, add(add(a, b), c)))	protectedDiv(a, add(a, add(add(a, b), c)))	protectedDiv(a, add(a, add(add(a, b), c)))	protectedDiv(a, add(a, add(add(a, a), c)))	protectedDiv(a, add(a, add(add(a, b), c)))	protectedDiv(a, add(a, add(add(a, b), c)))	protectedDiv(a, add(a, add(add(a, b), c)))	protectedDiv(a, add(a, add(add(a, b), c)))	protectedDiv(a, add(a, add(add(a, b), c)))	protectedDiv(a, add(a, add(add(a, b), c)))	protectedDiv(a, add(a, add(add(a, b), c)))	protectedDiv(a, add(a, add(add(a, b), c)))
protectedDiv(a, add(a, add(add(a, b), c)))	protectedDiv(a, add(a, add(add(a, b), c)))	protectedDiv(a, add(a, add(add(protectedDiv(add(a, b), protectedDiv(b, c)), b), c)))	protectedDiv(a, add(a, add(add(a, b), c)))	protectedDiv(a, add(a, add(add(a, b), c)))	protectedDiv(a, add(a, add(add(a, b), c)))	protectedDiv(a, add(a, add(add(a, b), c)))	protectedDiv(a, add(a, add(protectedDiv(add(a, b), add(c, b)), c)))	protectedDiv(a, add(a, a))	protectedDiv(a, add(a, add(add(add(add(a, b), c), b), c)))	protectedDiv(a, add(a, add(add(a, b), c)))	protectedDiv(a, add(a, add(add(a, a), c)))	protectedDiv(a, add(a, add(add(a, b), c)))	protectedDiv(a, add(a, add(add(a, b), c)))	protectedDiv(a, add(a, add(add(a, b), c)))	protectedDiv(a, add(a, add(add(a, b), c)))	protectedDiv(a, add(a, add(add(a, b), c)))	protectedDiv(a, add(a, add(add(a, b), c)))	protectedDiv(a, add(a, add(add(a, b), c)))	protectedDiv(a, add(a, add(add(a, b), c)))
protectedDiv(a, add(a, add(add(a, b), c)))	protectedDiv(a, add(a, add(add(a, b), c)))	protectedDiv(a, add(a, add(add(a, b), c)))	protectedDiv(a, add(a, add(add(a, b), c)))	protectedDiv(a, add(a, add(protectedDiv(add(a, b), add(c, b)), c)))	protectedDiv(a, add(a, add(add(a, b), c)))	protectedDiv(a, add(a, add(add(a, b), c)))	protectedDiv(c, a)	protectedDiv(a, add(a, add(add(a, b), c)))	protectedDiv(a, add(a, add(add(a, b), c)))	protectedDiv(a, add(a, add(add(a, b), c)))	protectedDiv(a, add(a, add(add(a, b), c)))	protectedDiv(a, add(a, add(add(a, b), c)))	protectedDiv(a, add(a, add(add(a, b), c)))	protectedDiv(a, add(a, add(add(a, b), b)))	protectedDiv(a, add(a, add(add(a, c), c)))	protectedDiv(a, add(a, add(protectedDiv(add(a, b), add(c, b)), c)))	protectedDiv(a, add(a, add(add(a, b), c)))	protectedDiv(a, add(a, add(add(a, b), c)))	protectedDiv(a, add(a, add(add(a, b), c)))
protectedDiv(a, add(a, add(add(a, b), c)))	protectedDiv(a, add(a, add(add(a, b), c)))	protectedDiv(a, add(a, add(add(a, b), c)))	protectedDiv(a, add(a, add(add(a, b), c)))	protectedDiv(a, add(a, add(add(a, b), c)))	protectedDiv(a, add(a, add(add(a, b), c)))	protectedDiv(a, add(a, add(add(a, b), b)))	protectedDiv(a, add(a, add(add(a, c), c)))	protectedDiv(a, add(a, add(add(a, c), c)))	protectedDiv(a, add(a, add(add(a, b), c)))	protectedDiv(a, add(a, add(add(a, b), c)))	protectedDiv(a, add(a, add(add(a, b), c)))	protectedDiv(a, add(a, add(add(a, b), c)))	protectedDiv(a, add(a, add(add(a, b), c)))	protectedDiv(a, add(a, add(protectedDiv(add(a, b), add(c, b)), c)))	protectedDiv(a, add(a, add(add(a, b), c)))	protectedDiv(a, add(a, add(add(a, c), c)))	protectedDiv(a, add(a, add(add(a, b), c)))	protectedDiv(a, add(a, add(add(a, b), c)))	protectedDiv(a, add(a, add(add(a, c), c)))
protectedDiv(a, add(a, add(add(a, c), c)))	protectedDiv(a, add(a, add(protectedDiv(add(a, b), add(c, b)), c)))	protectedDiv(a, add(a, add(add(a, b), c)))	protectedDiv(a, add(a, add(add(a, b), c)))	protectedDiv(a, add(a, add(add(a, c), c)))	protectedDiv(a, add(a, add(add(a, b), c)))	protectedDiv(a, add(a, add(add(a, c), c)))	protectedDiv(a, add(a, add(add(a, c), c)))	protectedDiv(a, add(a, add(add(a, c), c)))	protectedDiv(a, add(a, add(add(a, b), c)))	protectedDiv(a, add(a, add(add(a, c), c)))	protectedDiv(a, add(a, add(add(a, c), c)))	protectedDiv(a, add(a, add(add(a, b), add(a, add(add(a, c), c)))))	protectedDiv(a, c)	protectedDiv(a, add(a, add(add(a, b), c)))	protectedDiv(a, add(a, add(add(a, b), c)))	protectedDiv(a, add(a, add(add(a, c), c)))	protectedDiv(a, add(a, add(add(a, b), c)))	protectedDiv(a, add(a, add(add(a, b), c)))	protectedDiv(a, add(a, add(add(a, c), c)))
protectedDiv(a, add(a, add(add(a, b), c)))	protectedDiv(a, add(a, add(add(a, c), c)))	protectedDiv(a, add(a, add(add(a, b), add(a, add(add(a, c), c)))))	protectedDiv(a, add(a, add(add(a, b), c)))	protectedDiv(a, add(a, add(add(a, b), c)))	protectedDiv(a, add(a, add(add(a, b), c)))	protectedDiv(a, add(a, add(add(a, c), c)))	protectedDiv(a, add(a, add(add(a, b), c)))	protectedDiv(a, add(a, add(add(a, b), c)))	protectedDiv(a, add(a, add(add(a, b), c)))	protectedDiv(a, add(a, add(add(a, b), c)))	protectedDiv(a, add(a, add(add(a, b), c)))	protectedDiv(a, add(a, add(add(a, b), add(a, add(add(a, c), c)))))	protectedDiv(a, add(a, add(add(a, b), c)))	protectedDiv(a, add(a, add(add(a, b), c)))	protectedDiv(a, c)	protectedDiv(a, add(a, add(add(a, c), c)))	protectedDiv(a, add(a, add(add(a, b), c)))	protectedDiv(a, add(a, add(add(a, b), c)))	protectedDiv(a, add(a, add(add(a, b), c)))
protectedDiv(a, add(a, add(add(a, b), c)))	protectedDiv(a, add(a, add(add(a, b), c)))	protectedDiv(a, add(a, add(add(a, b), c)))	protectedDiv(a, add(a, add(add(a, b), c)))	protectedDiv(a, add(a, add(add(a, b), c)))	protectedDiv(a, add(a, add(add(a, b), c)))	protectedDiv(a, add(a, add(add(a, b), c)))	protectedDiv(a, add(a, add(add(a, b), c)))	protectedDiv(a, add(a, add(add(a, c), c)))	protectedDiv(a, add(a, add(add(a, b), b)))	protectedDiv(a, add(a, add(add(a, b), c)))	protectedDiv(a, add(a, add(add(a, b), c)))	protectedDiv(a, add(a, add(add(a, b), add(a, add(add(a, c), c)))))	protectedDiv(a, add(a, add(add(a, b), add(a, add(add(a, c), c)))))	protectedDiv(a, add(a, add(add(a, b), c)))	protectedDiv(a, add(a, add(add(a, b), add(a, add(add(a, c), c)))))	protectedDiv(a, add(a, add(add(a, b), add(a, add(add(a, c), c)))))	protectedDiv(a, add(a, add(add(a, b), c)))	protectedDiv(a, add(a, add(add(a, b), c)))	protectedDiv(a, add(a, add(add(a, b), c)))
protectedDiv(a, add(a, add(add(a, b), c)))	protectedDiv(a, add(a, add(add(a, b), add(a, add(add(a, c), c)))))	protectedDiv(a, add(a, add(add(a, c), c)))	protectedDiv(a, add(a, add(add(a, b), c)))	protectedDiv(a, add(a, add(add(a, b), c)))	protectedDiv(a, add(a, add(add(a, b), c)))	protectedDiv(a, add(a, add(add(a, c), c)))	protectedDiv(a, add(a, add(add(a, b), c)))	protectedDiv(a, add(a, add(add(a, b), c)))	protectedDiv(a, add(a, add(add(a, b), c)))	protectedDiv(a, add(a, add(add(a, b), c)))	protectedDiv(a, add(a, add(add(a, b), c)))	protectedDiv(a, add(a, add(add(a, b), c)))	protectedDiv(a, add(a, add(add(a, b), c)))	protectedDiv(a, add(a, add(add(a, b), add(a, add(add(a, c), c)))))	protectedDiv(a, add(a, add(add(a, b), c)))	protectedDiv(a, add(a, add(add(a, b), c)))	protectedDiv(a, add(a, add(add(a, c), c)))	protectedDiv(a, add(a, add(add(add(add(a, c), add(c, c)), b), add(a, add(add(a, c), c)))))	protectedDiv(a, add(a, add(add(a, b), c)))
protectedDiv(a, add(a, add(add(a, b), c)))	protectedDiv(a, add(a, add(add(a, b), c)))	protectedDiv(a, add(a, add(add(a, b), add(a, add(add(a, c), c)))))	protectedDiv(a, add(a, add(add(a, b), c)))	protectedDiv(a, add(a, add(add(add(add(a, c), add(c, c)), b), add(a, add(add(a, c), c)))))	protectedDiv(a, add(a, add(add(a, c), c)))	protectedDiv(a, add(a, add(add(a, b), c)))	protectedDiv(a, add(a, add(add(a, b), c)))	protectedDiv(a, add(a, add(add(a, b), c)))	protectedDiv(a, add(a, add(add(a, b), add(a, add(add(a, c), c)))))	protectedDiv(a, add(a, add(add(a, b), add(a, add(add(a, c), c)))))	protectedDiv(a, add(a, add(add(add(add(a, c), add(c, c)), b), add(a, add(add(a, c), c)))))	protectedDiv(a, add(a, add(add(add(a, c), b), c)))	protectedDiv(a, add(a, add(add(add(a, add(c, c)), b), add(a, add(add(a, c), c)))))	protectedDiv(a, add(a, add(add(a, b), c)))	protectedDiv(a, add(a, add(add(a, b), c)))	protectedDiv(a, add(a, add(add(a, b), c)))	protectedDiv(a, add(a, add(add(a, b), c)))	protectedDiv(a, add(a, add(add(a, b), c)))	protectedDiv(a, add(a, add(add(a, b), c)))
protectedDiv(a, add(a, add(add(a, b), c)))	protectedDiv(a, add(a, add(add(a, b), add(a, add(add(a, c), c)))))	protectedDiv(a, add(a, add(add(a, b), c)))	protectedDiv(a, add(a, add(add(a, b), c)))	protectedDiv(a, add(a, add(add(a, b), c)))	protectedDiv(a, add(a, add(add(a, b), c)))	protectedDiv(a, add(a, add(add(a, b), add(a, add(add(a, c), c)))))	protectedDiv(a, add(a, add(add(a, b), c)))	protectedDiv(a, add(a, add(add(a, b), c)))	protectedDiv(a, add(a, add(add(a, b), c)))	protectedDiv(a, add(a, add(add(a, b), c)))	protectedDiv(a, add(a, add(add(a, b), add(a, add(add(a, c), c)))))	protectedDiv(a, add(a, add(add(a, b), add(a, add(add(a, c), c)))))	protectedDiv(a, add(a, add(add(a, b), c)))	add(c, a)	protectedDiv(a, add(a, add(add(a, b), c)))	protectedDiv(a, add(a, add(add(a, b), c)))	protectedDiv(a, add(a, add(add(a, b), c)))	protectedDiv(a, add(a, add(add(a, b), add(a, add(add(a, c), c)))))	protectedDiv(a, add(a, add(add(a, b), c)))
protectedDiv(a, add(a, add(add(a, b), c)))	protectedDiv(a, add(a, add(add(a, b), add(a, add(add(a, c), c)))))	protectedDiv(a, add(a, add(add(a, b), add(a, add(add(a, c), c)))))	protectedDiv(a, add(a, add(add(a, b), add(a, add(add(a, c), c)))))	protectedDiv(a, add(a, add(add(a, b), add(a, add(add(a, c), add(a, b))))))	protectedDiv(a, add(a, add(c, c)))	protectedDiv(a, add(a, add(add(a, b), c)))	protectedDiv(a, add(a, add(add(a, b), c)))	protectedDiv(a, add(a, a))	protectedDiv(a, add(add(add(a, b), c), add(add(a, b), c)))	protectedDiv(a, add(a, add(add(a, b), c)))	protectedDiv(a, add(a, add(add(a, b), c)))	protectedDiv(a, add(a, add(add(a, b), c)))	protectedDiv(a, add(a, add(add(a, b), c)))	protectedDiv(a, add(a, add(add(a, b), add(a, add(add(a, c), c)))))	protectedDiv(a, add(a, add(add(a, b), add(a, add(add(a, c), c)))))	protectedDiv(a, add(a, add(add(a, b), add(a, add(add(a, c), c)))))	protectedDiv(a, add(a, add(add(a, b), c)))	protectedDiv(a, add(a, add(add(a, b), c)))	protectedDiv(a, add(a, add(add(a, b), c)))
protectedDiv(a, add(a, add(add(a, b), c)))	protectedDiv(a, add(a, add(add(a, b), c)))	protectedDiv(a, add(a, add(add(a, b), c)))	protectedDiv(a, add(a, add(add(a, b), c)))	protectedDiv(a, add(a, add(add(a, b), add(a, add(add(a, c), c)))))	protectedDiv(a, add(a, add(add(a, b), c)))	protectedDiv(a, add(a, add(add(a, b), c)))	protectedDiv(a, add(a, add(add(a, b), c)))	protectedDiv(a, add(a, add(add(a, b), c)))	protectedDiv(a, add(a, add(add(a, b), c)))	protectedDiv(a, add(a, add(add(a, b), c)))	protectedDiv(a, add(a, add(add(a, b), c)))	protectedDiv(a, add(a, add(add(a, b), c)))	protectedDiv(a, add(a, add(add(a, b), c)))	protectedDiv(a, add(a, add(add(a, b), c)))	protectedDiv(a, add(a, add(add(a, b), c)))	protectedDiv(a, add(a, add(add(a, b), c)))	protectedDiv(a, add(a, add(c, c)))	protectedDiv(a, add(a, add(add(c, b), c)))	protectedDiv(a, add(a, add(add(a, b), a)))
protectedDiv(a, add(a, add(add(a, b), c)))	protectedDiv(a, add(a, add(add(a, b), c)))	protectedDiv(a, add(a, add(add(a, b), c)))	protectedDiv(a, add(a, add(add(a, b), c)))	protectedDiv(a, add(a, add(c, c)))	protectedDiv(a, add(a, add(add(a, b), add(a, b))))	protectedDiv(a, add(a, add(add(a, b), c)))	protectedDiv(a, add(a, add(c, b)))	protectedDiv(a, add(a, add(add(a, b), c)))	protectedDiv(a, add(a, add(add(a, b), c)))	protectedDiv(a, add(a, add(add(a, b), c)))	protectedDiv(a, add(a, add(add(a, b), c)))	protectedDiv(a, add(a, add(add(a, b), c)))	protectedDiv(a, add(a, add(add(a, b), c)))	protectedDiv(a, add(a, add(c, c)))	protectedDiv(a, add(a, add(add(a, b), c)))	protectedDiv(a, add(a, add(add(a, b), c)))	protectedDiv(a, add(a, add(add(a, b), c)))	protectedDiv(a, add(a, add(add(a, b), c)))	protectedDiv(a, add(a, add(add(a, b), c)))
protectedDiv(a, add(a, add(add(a, b), c)))	protectedDiv(a, add(a, add(add(a, b), c)))	protectedDiv(a, add(a, add(add(a, b), c)))	protectedDiv(a, add(a, add(add(a, b), c)))	protectedDiv(a, add(a, add(add(a, b), c)))	protectedDiv(a, add(a, add(add(a, b), c)))	protectedDiv(a, add(a, add(add(a, b), c)))	protectedDiv(a, add(a, add(add(a, b), c)))	protectedDiv(a, add(a, add(add(a, b), c)))	protectedDiv(a, add(a, add(add(a, b), c)))	protectedDiv(a, add(a, add(add(a, b), c)))	protectedDiv(a, add(a, add(add(a, b), c)))	protectedDiv(a, add(a, add(add(a, b), c)))	protectedDiv(a, add(a, add(add(a, b), c)))	protectedDiv(a, add(a, add(add(a, b), c)))	protectedDiv(a, add(a, add(add(a, b), c)))	protectedDiv(a, add(a, add(add(a, b), c)))	protectedDiv(a, add(a, add(add(a, b), c)))	protectedDiv(a, add(a, add(add(a, b), c)))	protectedDiv(a, add(a, add(add(a, b), c)))
protectedDiv(a, add(a, add(add(a, b), c)))	protectedDiv(a, add(a, add(add(a, b), c)))	protectedDiv(a, add(a, add(add(a, b), c)))	protectedDiv(a, add(a, add(add(a, b), c)))	protectedDiv(a, add(a, add(add(a, b), c)))	protectedDiv(a, add(a, add(add(a, b), c)))	protectedDiv(a, add(a, protectedDiv(add(c, b), add(a, b))))	protectedDiv(a, add(a, add(add(a, b), c)))	protectedDiv(a, add(a, add(add(a, b), c)))	protectedDiv(a, add(a, add(add(a, b), c)))	protectedDiv(a, add(a, add(add(a, b), c)))	protectedDiv(a, add(a, add(add(a, b), c)))	protectedDiv(a, add(a, add(add(a, b), c)))	protectedDiv(a, add(a, add(add(a, b), c)))	protectedDiv(a, add(a, add(add(a, b), c)))	protectedDiv(a, add(a, add(add(a, b), c)))	protectedDiv(a, add(a, add(add(a, b), c)))	protectedDiv(a, add(a, add(add(a, b), c)))	protectedDiv(a, add(a, add(add(a, b), c)))	protectedDiv(a, add(a, add(add(a, b), c)))
protectedDiv(a, add(a, add(add(a, b), c)))	protectedDiv(a, add(a, add(add(a, b), c)))	protectedDiv(a, add(a, add(add(a, b), c)))	protectedDiv(a, add(a, add(add(a, b), c)))	protectedDiv(a, add(a, add(add(a, b), c)))	protectedDiv(a, add(a, add(add(a, b), c)))	protectedDiv(a, add(a, add(add(a, b), c)))	protectedDiv(a, add(a, add(add(a, b), c)))	protectedDiv(a, add(a, add(add(a, b), c)))	protectedDiv(a, add(a, add(add(a, b), c)))	protectedDiv(a, add(a, add(add(a, b), c)))	protectedDiv(a, add(a, add(add(a, b), c)))	protectedDiv(a, add(a, add(add(a, b), c)))	protectedDiv(a, add(a, add(add(a, b), c)))	protectedDiv(a, add(a, add(add(a, b), c)))	protectedDiv(a, add(a, add(add(a, b), c)))	protectedDiv(a, add(a, add(add(a, b), c)))	protectedDiv(a, add(a, add(add(a, b), c)))	protectedDiv(a, add(a, add(add(a, b), c)))	protectedDiv(a, add(a, add(add(a, b), c)))
protectedDiv(a, add(a, add(add(a, b), c)))	protectedDiv(a, add(a, add(add(a, b), c)))	protectedDiv(a, add(a, add(add(a, b), c)))	protectedDiv(a, add(a, add(add(a, b), c)))	protectedDiv(a, add(a, add(add(a, b), c)))	protectedDiv(a, add(a, add(add(a, b), c)))	protectedDiv(a, add(a, add(add(a, b), c)))	protectedDiv(a, add(a, add(add(a, b), c)))	protectedDiv(a, add(a, add(add(a, b), c)))	protectedDiv(a, add(a, add(add(a, b), c)))	protectedDiv(a, add(a, add(add(a, b), c)))	protectedDiv(a, add(a, add(add(a, b), c)))	protectedDiv(a, add(a, add(add(a, b), c)))	protectedDiv(a, add(a, add(add(a, b), c)))	protectedDiv(a, add(a, add(add(a, b), c)))	protectedDiv(a, add(a, add(add(add(add(b, b), add(b, a)), b), c)))	protectedDiv(a, add(a, add(add(a, b), c)))	protectedDiv(a, add(a, add(add(a, b), c)))	protectedDiv(a, add(a, add(add(a, b), c)))	protectedDiv(a, add(a, add(add(a, b), c)))
protectedDiv(a, add(a, add(add(a, b), c)))	protectedDiv(a, add(a, add(add(add(add(b, b), add(b, a)), b), c)))	protectedDiv(a, add(a, add(add(a, b), c)))	protectedDiv(a, add(a, add(add(a, b), c)))	protectedDiv(a, add(a, add(add(a, b), c)))	protectedDiv(a, add(a, add(add(a, b), c)))	protectedDiv(a, add(a, add(add(a, b), c)))	protectedDiv(a, add(a, add(add(a, b), c)))	protectedDiv(a, add(a, add(add(a, b), c)))	protectedDiv(a, add(a, add(add(a, b), c)))	protectedDiv(a, add(a, add(add(a, b), c)))	protectedDiv(a, add(a, add(add(a, b), c)))	protectedDiv(a, add(a, add(add(add(add(b, b), add(b, a)), b), c)))	protectedDiv(a, add(a, add(add(a, b), c)))	protectedDiv(a, add(a, add(add(a, a), c)))	protectedDiv(a, add(b, add(add(a, b), c)))	protectedDiv(a, add(a, add(add(a, b), c)))	protectedDiv(a, add(a, add(add(a, b), c)))	protectedDiv(a, add(a, add(add(a, b), c)))	protectedDiv(a, add(a, add(add(a, b), c)))
protectedDiv(a, add(a, add(add(a, b), c)))	protectedDiv(a, add(a, add(add(a, b), c)))	protectedDiv(a, add(b, add(add(a, b), c)))	protectedDiv(a, add(a, add(add(a, a), c)))	protectedDiv(a, add(a, add(add(a, b), c)))	protectedDiv(a, add(a, add(add(a, b), c)))	protectedDiv(a, add(a, add(add(a, b), c)))	protectedDiv(a, add(a, add(add(a, b), c)))	protectedDiv(a, add(a, add(add(a, b), c)))	protectedDiv(a, add(a, add(add(a, b), c)))	protectedDiv(a, add(a, add(add(a, protectedDiv(a, b)), c)))	c	protectedDiv(a, add(a, add(add(c, b), c)))	protectedDiv(a, add(a, add(add(a, b), a)))	protectedDiv(a, add(a, add(add(a, b), c)))	protectedDiv(a, add(a, add(add(a, b), c)))	protectedDiv(a, add(a, add(add(a, b), c)))	protectedDiv(a, add(a, add(add(a, b), c)))	protectedDiv(a, add(a, add(add(a, b), c)))	protectedDiv(a, add(a, add(add(a, b), c)))
protectedDiv(a, add(a, add(add(a, b), c)))	protectedDiv(a, add(a, add(add(a, a), c)))	protectedDiv(a, add(a, add(add(a, b), c)))	protectedDiv(a, add(a, add(add(a, b), c)))	protectedDiv(a, add(a, add(add(a, b), c)))	protectedDiv(a, add(a, add(add(a, b), c)))	protectedDiv(a, add(a, add(add(a, b), c)))	protectedDiv(a, add(a, add(add(a, b), c)))	protectedDiv(a, add(a, add(add(a, b), c)))	protectedDiv(a, add(a, add(add(a, b), c)))	protectedDiv(a, add(a, add(add(a, b), c)))	protectedDiv(a, add(a, add(add(a, b), c)))	protectedDiv(a, add(a, add(add(a, b), c)))	protectedDiv(a, add(a, add(add(a, b), c)))	protectedDiv(a, add(a, add(add(a, b), c)))	protectedDiv(a, add(a, add(add(a, b), c)))	protectedDiv(a, add(a, add(add(a, b), c)))	protectedDiv(a, add(a, add(add(a, b), c)))	protectedDiv(a, add(a, add(add(a, b), c)))	protectedDiv(a, add(a, add(add(a, b), c)))
protectedDiv(a, add(a, add(add(a, b), c)))	protectedDiv(a, add(a, add(add(a, a), c)))	protectedDiv(a, add(a, add(add(a, b), c)))	protectedDiv(a, add(a, add(add(a, b), c)))	protectedDiv(a, add(b, add(add(a, b), c)))	protectedDiv(a, add(a, add(add(a, a), c)))	protectedDiv(a, add(a, add(add(a, b), c)))	protectedDiv(a, add(a, add(add(a, b), c)))	protectedDiv(a, add(a, add(add(a, b), c)))	protectedDiv(a, add(a, add(add(a, b), c)))	protectedDiv(a, add(a, add(add(a, b), c)))	protectedDiv(a, add(a, add(add(a, b), c)))	protectedDiv(a, add(a, add(add(a, b), c)))	protectedDiv(a, add(a, add(add(a, b), c)))	protectedDiv(a, add(a, add(add(a, b), c)))	protectedDiv(a, add(a, add(add(a, b), c)))	protectedDiv(a, add(a, add(add(a, b), c)))	protectedDiv(a, add(a, add(add(a, b), c)))	protectedDiv(a, add(a, add(add(a, b), c)))	protectedDiv(a, add(a, add(add(a, b), c)))
protectedDiv(a, add(a, add(add(a, b), c)))	protectedDiv(a, add(a, add(add(a, b), c)))	protectedDiv(a, add(a, add(add(a, b), c)))	protectedDiv(a, add(a, add(add(a, b), c)))	protectedDiv(a, add(a, add(add(a, b), c)))	protectedDiv(a, add(a, add(add(a, b), c)))	protectedDiv(a, add(a, add(add(a, b), c)))	protectedDiv(a, add(a, add(add(a, b), c)))	protectedDiv(a, add(a, add(add(a, b), c)))	protectedDiv(a, add(a, add(add(a, b), c)))	protectedDiv(a, add(a, add(add(a, b), c)))	protectedDiv(a, add(a, add(add(a, b), c)))	protectedDiv(a, add(a, add(add(a, b), c)))	protectedDiv(a, add(a, add(add(a, b), c)))	protectedDiv(a, add(a, add(add(a, b), c)))	protectedDiv(a, add(a, add(add(a, b), c)))	protectedDiv(a, add(a, add(add(a, b), c)))	protectedDiv(a, add(a, add(add(a, b), c)))	protectedDiv(a, add(a, add(add(a, b), c)))	protectedDiv(a, add(a, add(add(a, b), c)))
protectedDiv(a, add(a, add(add(a, b), c)))	protectedDiv(a, add(a, add(add(a, b), c)))	protectedDiv(a, add(a, add(add(a, b), c)))	protectedDiv(a, add(a, add(add(a, b), c)))	protectedDiv(a, add(a, add(a, c)))	protectedDiv(a, add(a, add(add(add(a, b), b), c)))	protectedDiv(a, add(a, add(add(a, b), c)))	protectedDiv(a, add(a, add(add(a, b), c)))	protectedDiv(a, add(a, add(add(a, b), c)))	protectedDiv(a, add(a, add(add(a, b), c)))	protectedDiv(a, add(a, add(add(a, b), c)))	protectedDiv(a, add(a, add(add(a, b), c)))	protectedDiv(a, add(a, add(add(a, b), c)))	protectedDiv(a, add(a, add(add(a, b), c)))	protectedDiv(a, add(a, add(add(a, b), c)))	protectedDiv(a, add(a, add(add(a, b), c)))	protectedDiv(a, add(a, add(add(a, b), c)))	protectedDiv(a, add(a, add(add(a, b), c)))	protectedDiv(a, add(a, add(add(a, b), c)))	protectedDiv(a, add(a, add(add(a, b), c)))
protectedDiv(a, add(a, add(add(a, b), c)))	protectedDiv(a, add(a, add(add(a, b), c)))	protectedDiv(a, add(a, add(add(a, b), c)))	protectedDiv(a, add(a, add(add(a, b), c)))	protectedDiv(a, add(a, add(add(a, b), c)))	protectedDiv(a, add(a, add(add(a, b), c)))	protectedDiv(a, add(a, add(add(a, b), c)))	protectedDiv(a, add(a, add(add(a, b), c)))	protectedDiv(a, add(a, add(add(a, b), c)))	protectedDiv(a, add(a, add(add(a, b), c)))	protectedDiv(a, add(a, add(add(a, b), c)))	protectedDiv(a, add(a, add(add(a, b), c)))	protectedDiv(a, add(a, add(add(a, b), c)))	protectedDiv(a, add(a, add(add(a, b), c)))	protectedDiv(a, add(a, add(add(a, b), c)))	protectedDiv(a, add(a, add(add(a, b), c)))	protectedDiv(a, add(a, add(add(a, b), c)))	protectedDiv(a, add(a, add(add(a, b), c)))	protectedDiv(a, add(a, add(add(a, b), c)))	protectedDiv(a, add(a, add(add(a, b), c)))
protectedDiv(a, add(a, add(add(a, b), c)))	protectedDiv(a, add(a, add(add(a, b), c)))	protectedDiv(a, add(a, add(add(a, b), c)))	protectedDiv(a, add(a, add(add(a, b), c)))	protectedDiv(a, add(a, add(add(a, b), c)))	protectedDiv(a, add(a, add(add(a, b), c)))	protectedDiv(a, add(a, add(add(a, b), c)))	protectedDiv(a, add(a, add(add(a, b), c)))	protectedDiv(a, add(a, add(add(a, b), c)))	protectedDiv(a, add(a, add(b, c)))	protectedDiv(a, add(a, add(add(a, b), c)))	protectedDiv(a, add(a, add(add(a, b), c)))	protectedDiv(a, add(a, add(add(a, b), c)))	protectedDiv(a, add(a, add(add(a, b), c)))	protectedDiv(a, add(a, add(add(a, b), c)))	protectedDiv(a, add(a, add(add(a, b), c)))	protectedDiv(a, add(a, add(add(a, b), c)))	protectedDiv(a, add(a, add(add(a, b), c)))	protectedDiv(a, add(a, add(add(a, b), c)))	protectedDiv(a, add(a, add(add(a, b), c)))
protectedDiv(a, add(a, add(add(a, b), c)))	protectedDiv(a, add(a, add(add(a, b), c)))	protectedDiv(a, add(a, add(add(a, b), c)))	protectedDiv(a, add(a, add(add(a, b), c)))	protectedDiv(a, add(a, add(add(a, b), c)))	protectedDiv(a, add(a, add(add(a, b), c)))	protectedDiv(a, add(a, add(add(a, b), c)))	protectedDiv(a, add(a, add(add(a, b), c)))	protectedDiv(a, add(a, add(add(a, b), c)))	protectedDiv(a, add(a, add(add(a, b), c)))	protectedDiv(a, add(a, add(add(a, b), c)))	protectedDiv(a, add(a, add(add(a, b), c)))	protectedDiv(a, add(a, add(add(a, b), c)))	protectedDiv(a, add(a, add(add(a, b), c)))	protectedDiv(a, add(a, add(add(a, b), c)))	protectedDiv(a, add(a, add(add(a, b), c)))	protectedDiv(a, add(a, add(add(a, b), c)))	protectedDiv(a, add(a, add(add(a, b), c)))	protectedDiv(a, add(a, add(add(a, b), c)))	protectedDiv(a, add(a, add(add(a, b), c)))
protectedDiv(a, add(a, add(add(a, b), c)))	protectedDiv(a, add(a, add(add(a, b), c)))	protectedDiv(a, add(a, add(add(a, b), c)))	protectedDiv(a, add(a, add(add(a, b), c)))	protectedDiv(a, add(a, add(add(a, b), c)))	protectedDiv(a, add(a, add(add(a, b), c)))	protectedDiv(a, add(a, add(add(a, b), c)))	protectedDiv(a, add(a, add(add(a, b), c)))	protectedDiv(a, add(a, add(add(a, b), c)))	protectedDiv(a, add(a, add(add(a, b), c)))	protectedDiv(a, add(a, add(add(a, b), c)))	protectedDiv(a, add(a, add(add(a, b), c)))	protectedDiv(a, add(a, add(add(a, b), c)))	protectedDiv(a, add(a, add(add(a, b), c)))	protectedDiv(a, add(a, add(add(a, b), c)))	protectedDiv(a, add(a, add(add(a, b), c)))	protectedDiv(a, add(a, add(add(a, b), c)))	protectedDiv(a, add(a, add(add(a, b), c)))	protectedDiv(a, add(a, add(add(a, b), c)))	protectedDiv(a, add(a, add(add(a, b), c)))
protectedDiv(a, add(a, add(add(a, b), c)))	protectedDiv(a, add(a, add(add(a, b), c)))	protectedDiv(a, add(c, add(add(a, b), c)))	protectedDiv(a, add(a, add(add(a, b), a)))	protectedDiv(a, add(a, add(add(a, b), c)))	protectedDiv(a, add(a, add(add(a, b), c)))	protectedDiv(a, add(a, add(add(a, b), c)))	protectedDiv(a, add(a, add(add(a, b), c)))	protectedDiv(a, add(a, add(add(a, b), c)))	protectedDiv(a, add(a, add(add(a, b), c)))	protectedDiv(a, add(a, add(add(a, b), c)))	protectedDiv(a, add(a, add(add(a, b), c)))	protectedDiv(a, add(a, add(add(a, b), c)))	protectedDiv(a, add(a, add(add(a, b), c)))	protectedDiv(a, add(a, add(add(a, b), c)))	protectedDiv(a, add(a, add(add(a, b), c)))	protectedDiv(a, add(a, add(add(a, b), c)))	protectedDiv(a, add(a, add(add(a, b), c)))	protectedDiv(a, add(a, add(add(a, b), c)))	protectedDiv(a, add(a, add(add(a, b), c)))
protectedDiv(a, add(a, add(add(a, b), c)))	protectedDiv(a, add(a, add(add(a, b), c)))	protectedDiv(a, add(a, add(add(a, b), c)))	protectedDiv(a, add(a, add(add(a, b), c)))	protectedDiv(a, add(a, add(add(a, b), c)))	protectedDiv(a, add(a, add(add(a, b), c)))	protectedDiv(a, add(a, add(add(a, b), c)))	protectedDiv(a, add(a, add(add(a, b), c)))	protectedDiv(a, add(a, add(add(a, b), c)))	protectedDiv(a, add(a, add(add(a, b), c)))	protectedDiv(a, add(a, add(add(a, b), c)))	protectedDiv(a, add(a, add(add(a, b), c)))	protectedDiv(a, add(a, add(add(a, b), c)))	protectedDiv(a, add(a, add(add(a, b), c)))	protectedDiv(a, add(a, add(add(a, b), c)))	protectedDiv(a, add(a, add(add(a, b), c)))	protectedDiv(a, add(a, add(add(a, b), c)))	protectedDiv(a, add(a, add(add(a, b), c)))	protectedDiv(a, add(a, add(add(a, b), c)))	protectedDiv(a, add(a, add(add(a, b), c)))
protectedDiv(a, add(a, add(add(a, b), c)))	protectedDiv(a, add(a, add(add(a, b), c)))	protectedDiv(a, add(a, add(add(a, b), c)))	protectedDiv(a, add(a, add(add(a, b), c)))	protectedDiv(a, add(a, add(add(a, b), c)))	protectedDiv(a, add(a, add(add(a, b), c)))	protectedDiv(a, add(a, add(add(a, b), c)))	protectedDiv(a, add(a, add(add(a, b), c)))	protectedDiv(a, add(add(a, b), add(add(a, b), c)))	protectedDiv(a, add(a, add(add(a, b), c)))	protectedDiv(a, add(a, add(add(a, b), c)))	protectedDiv(a, add(a, add(add(a, b), c)))	protectedDiv(a, add(a, add(add(a, b), c)))	protectedDiv(a, add(a, add(add(a, b), c)))	protectedDiv(a, add(a, add(add(a, b), c)))	protectedDiv(a, add(a, add(add(a, b), c)))	protectedDiv(a, add(a, add(add(a, b), c)))	protectedDiv(a, add(a, add(add(a, b), c)))	protectedDiv(a, add(a, add(add(a, b), c)))	protectedDiv(a, add(a, add(add(a, b), c)))
protectedDiv(a, add(a, add(add(a, b), c)))	protectedDiv(a, add(a, add(add(a, b), c)))	protectedDiv(a, add(a, add(add(a, b), c)))	protectedDiv(a, add(a, add(add(a, b), c)))	protectedDiv(a, add(a, add(add(a, b), c)))	protectedDiv(a, add(a, add(add(a, b), c)))	protectedDiv(a, add(a, add(add(protectedDiv(c, a), b), c)))	protectedDiv(a, add(a, add(add(a, b), c)))	protectedDiv(a, add(a, add(add(a, b), c)))	protectedDiv(a, add(a, add(add(a, b), c)))	protectedDiv(a, add(a, add(add(a, b), c)))	protectedDiv(a, add(a, add(add(a, b), c)))	protectedDiv(a, add(a, add(add(a, b), c)))	protectedDiv(a, add(a, add(add(a, b), c)))	protectedDiv(a, add(a, add(add(a, b), c)))	protectedDiv(a, add(a, add(add(a, b), c)))	protectedDiv(a, add(a, add(add(a, b), c)))	protectedDiv(a, add(a, add(add(a, b), c)))	protectedDiv(a, add(a, add(add(a, b), c)))	protectedDiv(a, add(a, add(add(a, b), c)))
protectedDiv(a, add(a, add(add(a, b), c)))	protectedDiv(a, add(a, add(add(a, b), c)))	protectedDiv(a, add(a, add(add(a, b), c)))	protectedDiv(a, add(a, add(add(a, b), c)))	protectedDiv(a, add(a, add(add(a, b), c)))	protectedDiv(a, add(a, add(add(a, b), c)))	protectedDiv(a, add(a, add(add(a, b), c)))	protectedDiv(a, add(a, add(add(a, b), c)))	protectedDiv(a, add(a, add(add(a, b), c)))	protectedDiv(a, add(a, add(add(a, b), c)))	protectedDiv(a, add(a, add(add(a, b), c)))	protectedDiv(a, add(a, add(add(a, b), c)))	protectedDiv(a, add(a, add(a, add(add(a, b), c))))	protectedDiv(a, add(add(a, b), c))	protectedDiv(a, add(a, add(add(a, b), c)))	protectedDiv(a, add(a, add(add(a, b), c)))	protectedDiv(a, add(a, add(add(a, b), c)))	protectedDiv(a, add(a, add(add(a, b), c)))	protectedDiv(a, add(a, add(add(a, b), c)))	protectedDiv(a, add(a, add(add(a, b), c)))
