sub(c, a)	protectedDiv(c, a)	add(protectedDiv(b, c), add(a, a))	protectedDiv(sub(b, b), sub(c, b))	protectedDiv(sub(a, c), protectedDiv(c, a))	sub(c, b)	sub(protectedDiv(b, b), add(a, c))	add(protectedDiv(c, c), add(c, a))	sub(protectedDiv(b, a), add(b, a))	sub(a, a)	add(sub(protectedDiv(c, b), sub(a, c)), protectedDiv(protectedDiv(c, a), protectedDiv(c, c)))	protectedDiv(sub(add(a, c), sub(a, c)), sub(add(a, b), add(b, a)))	sub(b, b)	sub(sub(c, b), add(c, c))	protectedDiv(add(protectedDiv(a, a), add(a, c)), add(add(c, a), add(a, b)))	protectedDiv(a, c)	protectedDiv(c, a)	sub(c, c)	sub(c, c)	sub(b, c)
sub(c, b)	protectedDiv(c, a)	add(sub(protectedDiv(c, b), sub(a, c)), protectedDiv(protectedDiv(sub(protectedDiv(c, c), protectedDiv(b, c)), a), protectedDiv(c, c)))	protectedDiv(c, a)	protectedDiv(a, protectedDiv(protectedDiv(c, b), sub(c, b)))	protectedDiv(b, c)	add(sub(protectedDiv(c, b), sub(a, c)), protectedDiv(protectedDiv(c, a), protectedDiv(c, c)))	sub(c, c)	protectedDiv(a, c)	add(sub(protectedDiv(c, b), sub(a, c)), protectedDiv(protectedDiv(c, a), protectedDiv(c, c)))	sub(protectedDiv(b, a), add(b, a))	protectedDiv(c, a)	sub(c, c)	add(sub(protectedDiv(c, b), sub(a, c)), protectedDiv(protectedDiv(c, a), protectedDiv(c, c)))	protectedDiv(c, c)	sub(a, c)	sub(protectedDiv(b, b), c)	sub(c, a)	add(sub(protectedDiv(c, b), sub(a, c)), protectedDiv(protectedDiv(b, a), protectedDiv(c, c)))	sub(c, c)
protectedDiv(a, c)	sub(c, c)	sub(c, c)	add(sub(protectedDiv(c, b), sub(a, c)), protectedDiv(protectedDiv(c, a), protectedDiv(c, c)))	add(sub(protectedDiv(c, b), sub(a, c)), protectedDiv(protectedDiv(b, a), protectedDiv(c, c)))	sub(add(sub(a, b), sub(c, a)), c)	sub(a, a)	add(sub(protectedDiv(c, b), sub(a, c)), protectedDiv(protectedDiv(c, a), protectedDiv(c, c)))	sub(a, c)	add(sub(protectedDiv(c, b), sub(a, c)), protectedDiv(protectedDiv(b, c), protectedDiv(c, c)))	protectedDiv(c, sub(b, a))	protectedDiv(a, c)	add(sub(protectedDiv(c, b), sub(a, c)), protectedDiv(protectedDiv(b, a), c))	sub(protectedDiv(c, c), c)	sub(a, c)	sub(c, c)	sub(a, c)	protectedDiv(c, c)	sub(protectedDiv(b, a), add(b, a))	sub(c, c)
sub(c, c)	sub(c, c)	sub(c, c)	sub(c, protectedDiv(add(a, c), sub(a, b)))	sub(c, c)	add(sub(protectedDiv(c, b), sub(a, c)), protectedDiv(protectedDiv(c, a), protectedDiv(c, c)))	sub(c, c)	add(sub(protectedDiv(c, b), sub(a, c)), protectedDiv(protectedDiv(b, a), c))	add(sub(protectedDiv(c, b), sub(a, c)), b)	protectedDiv(c, sub(protectedDiv(protectedDiv(b, a), protectedDiv(c, c)), a))	add(sub(protectedDiv(c, b), sub(a, c)), protectedDiv(c, protectedDiv(c, c)))	protectedDiv(a, protectedDiv(c, a))	protectedDiv(a, c)	protectedDiv(a, c)	sub(c, c)	sub(c, c)	sub(a, c)	add(sub(protectedDiv(c, b), sub(a, c)), protectedDiv(protectedDiv(b, c), protectedDiv(c, c)))	protectedDiv(a, c)	protectedDiv(a, c)
sub(c, c)	sub(c, c)	sub(c, c)	protectedDiv(a, c)	protectedDiv(a, c)	sub(c, c)	protectedDiv(protectedDiv(a, c), add(b, b))	protectedDiv(protectedDiv(add(a, c), sub(a, b)), c)	sub(c, c)	sub(c, c)	sub(protectedDiv(c, a), add(c, b))	sub(c, c)	protectedDiv(a, c)	sub(c, c)	sub(c, protectedDiv(c, a))	protectedDiv(c, c)	sub(c, c)	sub(c, protectedDiv(add(a, c), sub(a, b)))	sub(c, c)	add(a, a)
sub(c, c)	sub(c, c)	sub(c, c)	sub(c, protectedDiv(add(a, c), sub(a, b)))	c	sub(c, c)	sub(c, protectedDiv(add(a, c), sub(a, b)))	sub(c, c)	sub(a, b)	protectedDiv(c, c)	sub(c, c)	protectedDiv(a, c)	protectedDiv(a, c)	protectedDiv(a, c)	sub(c, c)	sub(c, c)	sub(c, c)	sub(c, c)	sub(c, c)	protectedDiv(a, c)
sub(c, c)	sub(c, c)	sub(c, c)	sub(c, c)	sub(c, c)	sub(c, c)	sub(c, c)	sub(c, c)	sub(c, c)	sub(c, add(a, c))	sub(c, protectedDiv(add(a, c), sub(sub(b, c), b)))	sub(c, c)	sub(c, c)	sub(c, c)	sub(c, c)	sub(c, c)	sub(c, c)	b	sub(c, c)	sub(c, c)
sub(c, c)	sub(c, c)	sub(add(protectedDiv(b, b), protectedDiv(b, b)), c)	sub(c, c)	sub(c, c)	sub(c, c)	sub(c, c)	sub(sub(c, c), c)	sub(c, c)	sub(sub(a, c), sub(a, c))	sub(c, c)	sub(c, c)	sub(c, c)	sub(c, c)	sub(c, c)	sub(c, c)	sub(c, c)	sub(c, c)	sub(c, c)	sub(c, c)
sub(c, c)	sub(c, c)	sub(c, c)	sub(c, c)	sub(c, c)	sub(c, c)	sub(c, c)	sub(c, c)	sub(c, c)	sub(c, c)	sub(c, c)	sub(c, c)	sub(c, c)	sub(c, c)	sub(c, c)	sub(c, c)	sub(sub(sub(c, b), protectedDiv(a, a)), c)	sub(c, c)	sub(b, b)	sub(c, c)
sub(c, c)	sub(c, c)	sub(c, c)	sub(c, c)	sub(c, c)	sub(c, c)	sub(c, add(protectedDiv(a, b), protectedDiv(b, c)))	add(protectedDiv(a, b), protectedDiv(c, a))	sub(c, c)	sub(c, c)	sub(c, c)	sub(c, c)	sub(c, c)	sub(c, c)	sub(c, c)	sub(c, c)	sub(c, c)	sub(c, c)	sub(c, c)	sub(c, c)
sub(c, c)	sub(c, c)	sub(c, c)	sub(c, c)	sub(c, c)	sub(c, c)	sub(c, c)	sub(c, c)	sub(c, c)	sub(c, c)	sub(c, c)	sub(c, c)	sub(c, add(b, c))	sub(c, c)	sub(c, c)	sub(c, add(sub(c, b), protectedDiv(c, a)))	sub(c, c)	sub(c, c)	sub(c, c)	sub(c, c)
a	sub(c, b)	sub(c, c)	sub(c, c)	sub(c, c)	sub(c, c)	sub(c, c)	sub(c, c)	sub(c, c)	sub(c, c)	sub(c, c)	c	sub(c, c)	sub(c, c)	sub(c, c)	sub(c, c)	sub(c, c)	sub(a, c)	sub(c, c)	sub(c, c)
sub(c, c)	sub(c, c)	sub(c, c)	sub(sub(c, b), c)	sub(c, c)	sub(c, c)	sub(add(c, b), add(b, a))	sub(c, c)	sub(c, c)	sub(c, c)	sub(c, c)	sub(c, c)	protectedDiv(add(b, b), protectedDiv(c, a))	sub(c, c)	sub(c, c)	sub(c, c)	b	sub(c, c)	sub(c, c)	sub(c, c)
sub(c, c)	sub(b, c)	sub(c, c)	sub(c, c)	sub(c, protectedDiv(c, a))	sub(c, add(b, a))	sub(c, c)	sub(c, c)	sub(c, c)	sub(c, c)	sub(c, c)	sub(c, c)	sub(c, c)	sub(c, c)	sub(c, c)	sub(c, c)	sub(c, c)	sub(c, c)	sub(c, c)	sub(c, c)
add(a, a)	sub(c, c)	sub(c, c)	sub(c, protectedDiv(protectedDiv(b, a), sub(a, b)))	sub(c, c)	sub(c, c)	sub(c, c)	sub(c, c)	sub(c, c)	sub(c, c)	sub(c, c)	sub(c, c)	sub(c, sub(a, c))	sub(b, c)	sub(c, sub(c, a))	sub(c, c)	sub(c, c)	sub(c, c)	sub(c, add(sub(a, c), sub(a, c)))	sub(c, c)
sub(c, c)	sub(add(c, c), c)	sub(c, c)	sub(c, c)	sub(c, c)	sub(c, c)	sub(b, c)	sub(c, c)	sub(protectedDiv(b, a), c)	sub(c, c)	sub(c, c)	sub(c, c)	sub(c, c)	sub(c, c)	sub(c, c)	sub(c, c)	sub(c, c)	sub(c, b)	sub(c, protectedDiv(b, b))	sub(c, c)
