add(protectedDiv(sub(a, c), sub(c, a)), add(add(b, c), add(c, b)))
add(protectedDiv(sub(a, c), sub(c, a)), add(add(b, c), add(c, b)))
add(protectedDiv(sub(a, c), sub(c, a)), add(add(b, c), add(c, b)))
add(protectedDiv(sub(a, c), sub(c, a)), add(add(b, c), add(c, b)))
add(protectedDiv(sub(a, c), sub(c, a)), add(add(b, c), add(c, b)))
add(protectedDiv(sub(a, c), sub(c, a)), add(add(b, c), add(c, b)))
add(protectedDiv(sub(a, c), sub(c, a)), add(add(b, c), add(c, b)))
add(protectedDiv(sub(a, c), sub(c, a)), add(add(b, c), add(c, b)))
add(protectedDiv(sub(a, c), sub(c, a)), add(add(b, c), add(c, b)))
add(protectedDiv(sub(a, c), sub(c, a)), add(add(b, c), add(c, b)))
add(protectedDiv(sub(a, c), sub(c, a)), add(add(b, c), add(c, b)))
add(protectedDiv(sub(a, c), sub(c, a)), add(add(b, c), add(c, b)))
add(protectedDiv(sub(a, c), sub(c, a)), add(add(b, c), add(c, b)))
add(protectedDiv(sub(a, c), sub(c, a)), add(add(b, c), add(c, b)))
add(protectedDiv(sub(a, c), sub(c, a)), add(add(b, c), add(c, b)))
add(protectedDiv(sub(a, c), sub(c, a)), add(add(b, c), add(c, b)))
add(protectedDiv(sub(a, c), sub(c, a)), add(add(b, c), add(c, b)))
add(protectedDiv(sub(a, c), sub(c, a)), add(add(b, c), add(c, b)))
add(protectedDiv(sub(a, c), sub(c, a)), add(add(b, c), add(c, b)))
add(protectedDiv(sub(a, c), sub(c, a)), add(add(b, c), add(c, b)))
add(protectedDiv(sub(a, c), sub(c, a)), add(add(b, c), add(c, b)))
add(protectedDiv(sub(a, c), sub(c, a)), add(add(b, c), add(c, b)))
add(protectedDiv(sub(a, c), sub(c, a)), add(add(b, c), add(c, b)))
add(protectedDiv(sub(a, c), sub(c, a)), add(add(b, c), add(c, b)))
add(protectedDiv(sub(a, c), sub(c, a)), add(add(b, c), add(c, b)))
add(protectedDiv(sub(a, c), sub(c, a)), add(add(b, c), add(c, b)))
add(protectedDiv(sub(a, c), sub(c, a)), add(add(b, c), add(c, b)))
add(protectedDiv(sub(a, c), sub(c, a)), add(add(b, c), add(c, b)))
add(protectedDiv(sub(a, c), sub(c, a)), add(add(b, c), add(c, b)))
add(protectedDiv(sub(a, c), sub(c, a)), add(add(b, c), add(c, b)))
add(protectedDiv(sub(a, c), sub(c, a)), add(add(b, c), add(c, b)))
add(protectedDiv(sub(a, c), sub(c, a)), add(add(b, c), add(c, b)))
add(protectedDiv(sub(a, c), sub(c, a)), add(add(b, c), add(c, b)))
add(protectedDiv(sub(a, c), sub(c, a)), add(add(b, c), add(c, b)))
add(protectedDiv(sub(a, c), sub(c, a)), add(add(b, c), add(c, b)))
add(protectedDiv(sub(a, c), sub(c, a)), add(add(b, c), add(c, b)))
add(protectedDiv(sub(a, c), sub(c, a)), add(add(b, c), add(c, b)))
add(protectedDiv(sub(a, c), sub(c, a)), add(add(b, c), add(c, b)))
add(protectedDiv(sub(a, c), sub(c, a)), add(add(b, c), add(c, b)))
add(protectedDiv(sub(a, c), sub(c, a)), add(add(b, c), add(c, b)))
add(protectedDiv(sub(a, c), sub(c, a)), add(add(b, c), add(c, b)))
add(protectedDiv(sub(a, c), sub(c, a)), add(add(b, c), add(c, b)))
add(protectedDiv(sub(a, c), sub(c, a)), add(add(b, c), add(c, b)))
add(protectedDiv(sub(a, c), sub(c, a)), add(add(b, c), add(c, b)))
add(protectedDiv(sub(a, c), sub(c, a)), add(add(b, c), add(c, b)))
add(protectedDiv(sub(a, c), sub(c, a)), add(add(b, c), add(c, b)))
add(protectedDiv(sub(a, c), sub(c, a)), add(add(b, c), add(c, b)))
add(protectedDiv(sub(a, c), sub(c, a)), add(add(b, c), add(c, b)))
add(protectedDiv(sub(a, c), sub(c, a)), add(add(b, c), add(c, b)))
add(protectedDiv(sub(a, c), sub(c, a)), add(add(b, c), add(c, b)))
add(protectedDiv(sub(a, c), sub(c, a)), add(add(b, c), add(c, b)))
